panel,method,mae,mse
beijing/legacy_native_h96,correlation_transport,0.83599203286512969,1.5197341572828555
beijing/legacy_native_h96,corruption_lora,0.85726280210578631,1.5938374087668503
beijing/legacy_native_h96,covariance_portfolio_global,0.84052989738956185,1.5580472244366088
beijing/legacy_native_h96,covariance_portfolio_station,0.85957180659782761,1.5960108107107109
beijing/legacy_native_h96,forecast_covariance,0.87444029233512943,1.7596182223639403
beijing/legacy_native_h96,full_dynamic_mixture_mean16,0.85860960669287645,1.6377858004646721
beijing/legacy_native_h96,full_dynamic_mixture_median16,0.88426308430512546,1.7928519600656732
beijing/legacy_native_h96,full_filtered_point,0.88451603978300275,1.7914366715887884
beijing/legacy_native_h96,full_sample_point_mean16,0.88418463766560418,1.7929239899390883
beijing/legacy_native_h96,full_sample_point_median16,0.8839770031463966,1.7918357793925574
beijing/legacy_native_h96,full_smoothed_cdf_median,0.88147732325293793,1.7843749072415054
beijing/legacy_native_h96,full_smoothed_point,0.88147732325293793,1.7843749072415054
beijing/legacy_native_h96,full_static_point,0.8720306319825375,1.7493173632570322
beijing/legacy_native_h96,gaussian_conditional_attention,0.87264823619207987,1.7522282368039841
beijing/legacy_native_h96,gaussian_group_attention,0.8723011822002672,1.7498246641985686
beijing/legacy_native_h96,gaussian_observation_attention,0.87312852095567572,1.7520222988984537
beijing/legacy_native_h96,gaussian_provenance,0.86312164206515252,1.6620603216973098
beijing/legacy_native_h96,gaussian_provenance_attention,0.86335051044431044,1.6624902143986058
beijing/legacy_native_h96,gaussian_shifted_attention,0.87239508314130187,1.7500912493446095
beijing/legacy_native_h96,gaussian_time_attention,0.87245314095579729,1.7518567991972895
beijing/legacy_native_h96,half_input_mix,0.87512713713787382,1.7276720399956522
beijing/legacy_native_h96,half_output_mix,0.87485005231620916,1.7271909702477968
beijing/legacy_native_h96,half_static_var,0.8301351431181051,1.4196581177592738
beijing/legacy_native_h96,half_var_corruption_lora,0.83035807623511182,1.376162777367453
beijing/legacy_native_h96,half_var_forecast_covariance,0.83216328987210242,1.4260536772190331
beijing/legacy_native_h96,half_var_gaussian_conditional_attention,0.83020693443949611,1.4204747654659542
beijing/legacy_native_h96,half_var_gaussian_group_attention,0.83013263921345326,1.4198559982620604
beijing/legacy_native_h96,half_var_gaussian_observation_attention,0.83076107902840846,1.4213366617783301
beijing/legacy_native_h96,half_var_gaussian_provenance,0.82692610636728681,1.4039467873576887
beijing/legacy_native_h96,half_var_gaussian_provenance_attention,0.8269948328507275,1.4038674594322387
beijing/legacy_native_h96,half_var_gaussian_shifted_attention,0.83014026987260492,1.4199472520611536
beijing/legacy_native_h96,half_var_gaussian_time_attention,0.83020124858349842,1.4203035199941831
beijing/legacy_native_h96,half_var_imputation_covariance_all,0.83027187107845057,1.4208566431884349
beijing/legacy_native_h96,half_var_imputation_covariance_targets,0.83032197742370351,1.4208533910727237
beijing/legacy_native_h96,half_var_independent_plus_native_mean,0.84720557410801633,1.5024265000568013
beijing/legacy_native_h96,half_var_independent_plus_native_median,0.84631756109274103,1.5036866194050298
beijing/legacy_native_h96,half_var_independent_proxy_mean,0.8488929861523159,1.5081430964367897
beijing/legacy_native_h96,half_var_independent_proxy_median,0.8465976195011754,1.5046632129072304
beijing/legacy_native_h96,half_var_isolated_gaussian,0.84673433363729667,1.5020975654381254
beijing/legacy_native_h96,half_var_isolated_knn_multivariate,0.84624665779403552,1.5038438998936023
beijing/legacy_native_h96,half_var_isolated_linear_interp,0.84843790260992435,1.5114632230253893
beijing/legacy_native_h96,half_var_isolated_local_ridge,0.85294031888925581,1.5207939492824771
beijing/legacy_native_h96,half_var_isolated_locf,0.84952701417917342,1.5143866235734615
beijing/legacy_native_h96,half_var_isolated_motm_reference,0.85417020449912906,1.520136251990474
beijing/legacy_native_h96,half_var_isolated_peer_ar_bridge,0.84606306282640376,1.503008600743782
beijing/legacy_native_h96,half_var_isolated_peer_residual_linear,0.84549076338080231,1.5022570187746078
beijing/legacy_native_h96,half_var_isolated_peer_ridge,0.84627165317788633,1.5011104289948136
beijing/legacy_native_h96,half_var_isolated_saits,0.84560985915602238,1.5030285164457231
beijing/legacy_native_h96,half_var_isolated_seasonal_lag,0.85791063577111493,1.5336299750943088
beijing/legacy_native_h96,half_var_isolated_timemixerpp,0.85865790063898839,1.5336600333315846
beijing/legacy_native_h96,half_var_joint_reference_mean,0.84924383724850261,1.509609012168452
beijing/legacy_native_h96,half_var_joint_reference_median,0.84700214473518154,1.5058483441635682
beijing/legacy_native_h96,half_var_local_ridge,0.83507169117127755,1.4261805413040396
beijing/legacy_native_h96,half_var_long_repair_gaussian_peer,0.8099859307482179,1.3289933319643115
beijing/legacy_native_h96,half_var_long_repair_gaussian_targets,0.8086535733882686,1.3231672404247923
beijing/legacy_native_h96,half_var_long_repair_knn_multivariate_peer,0.80970191192293506,1.3292642587311039
beijing/legacy_native_h96,half_var_long_repair_knn_multivariate_targets,0.80937889886065506,1.326247604596462
beijing/legacy_native_h96,half_var_long_repair_local_ridge_peer,0.81049256987525187,1.3296868833622602
beijing/legacy_native_h96,half_var_long_repair_local_ridge_targets,0.80996654080950747,1.3242146335250575
beijing/legacy_native_h96,half_var_long_repair_peer_ridge_peer,0.80988917590845866,1.3289084849636825
beijing/legacy_native_h96,half_var_long_repair_peer_ridge_targets,0.80846743280377431,1.3227779072470776
beijing/legacy_native_h96,half_var_native_local,0.83323118868359225,1.405517657609906
beijing/legacy_native_h96,half_var_native_long_prefix_peer,0.80976016753436431,1.3268789839548221
beijing/legacy_native_h96,half_var_native_long_prefix_targets,0.80521967797114113,1.3130295370691243
beijing/legacy_native_h96,half_var_native_long_raw_peer,0.80976016777224835,1.326878980382399
beijing/legacy_native_h96,half_var_native_long_raw_targets,0.80521967888206047,1.3130295389519744
beijing/legacy_native_h96,half_var_native_observation_attention,0.83056758320350754,1.4096501422380949
beijing/legacy_native_h96,half_var_native_peer,0.83000703020043998,1.4094591562157002
beijing/legacy_native_h96,half_var_native_targets_only,0.83612330884740349,1.4764095866649944
beijing/legacy_native_h96,half_var_natural_lora,0.83849897824650321,1.4175964118562661
beijing/legacy_native_h96,half_var_peer_ar_bridge,0.83505700107217018,1.4298486126179837
beijing/legacy_native_h96,half_var_peer_future_ridge,0.83167118569591347,1.4061675652822778
beijing/legacy_native_h96,half_var_peer_knn_multivariate,0.8332446188965138,1.4271249863733972
beijing/legacy_native_h96,half_var_peer_linear_interp,0.83464007518744676,1.4356540049717081
beijing/legacy_native_h96,half_var_peer_locf,0.83398292090702253,1.4337860876208186
beijing/legacy_native_h96,half_var_peer_mean8,0.8339507035960203,1.4249676007807015
beijing/legacy_native_h96,half_var_peer_median8,0.83474970296302986,1.4328484087054669
beijing/legacy_native_h96,half_var_peer_motm_reference,0.83939868589995337,1.4459773384399546
beijing/legacy_native_h96,half_var_peer_residual_linear,0.83468297958068172,1.4291000742288889
beijing/legacy_native_h96,half_var_peer_ridge,0.83256109385778776,1.4193104082294357
beijing/legacy_native_h96,half_var_peer_saits,0.83444162763890606,1.4365045290973237
beijing/legacy_native_h96,half_var_peer_seasonal_lag,0.8351284522654181,1.4196604928010181
beijing/legacy_native_h96,half_var_peer_timemixerpp,0.83682862092401356,1.4283584428932576
beijing/legacy_native_h96,half_var_proxy_pool_only_mean,0.84924383724850261,1.509609012168452
beijing/legacy_native_h96,half_var_proxy_pool_only_median,0.84700214473518154,1.5058483441635682
beijing/legacy_native_h96,half_var_query_aux_both_gaussian_short,0.85192491515392499,1.4771038920132493
beijing/legacy_native_h96,half_var_query_aux_both_native_long,0.82128323141233672,1.3670248580261308
beijing/legacy_native_h96,half_var_query_aux_both_native_short,0.84880960492608126,1.4650915326122138
beijing/legacy_native_h96,half_var_query_aux_group_native_long,0.81250744819725418,1.3348106529448078
beijing/legacy_native_h96,half_var_query_aux_time_native_long,0.815411548315642,1.3551377826474973
beijing/legacy_native_h96,half_var_query_readonly_native_long,0.81883467768721385,1.3608104380485724
beijing/legacy_native_h96,half_var_raw_plus_duplicate_pool,0.83168818222258334,1.4281428175554751
beijing/legacy_native_h96,half_var_raw_plus_duplicate_single,0.83041141857349621,1.412806410288016
beijing/legacy_native_h96,half_var_raw_plus_gaussian,0.82993252936986417,1.412628163987659
beijing/legacy_native_h96,half_var_raw_plus_knn,0.8302685550227501,1.4145052673489895
beijing/legacy_native_h96,half_var_raw_plus_pool,0.83237910087358991,1.4308164523239844
beijing/legacy_native_h96,half_var_raw_plus_pool_median,0.83100943467789035,1.41712371610261
beijing/legacy_native_h96,half_var_raw_plus_pool_proxy_mean,0.83959838546565224,1.4488088739446487
beijing/legacy_native_h96,half_var_raw_plus_pool_proxy_median,0.83858922182205708,1.4477293219760747
beijing/legacy_native_h96,half_var_target_anchor_pool,0.83577696353226483,1.476975677355604
beijing/legacy_native_h96,half_var_target_anchor_proxy_mean,0.84928162775726335,1.5099804962276446
beijing/legacy_native_h96,half_var_target_anchor_proxy_median,0.8470442067392594,1.5062392515837155
beijing/legacy_native_h96,half_var_target_knn_multivariate,0.8342204378448157,1.426550212280232
beijing/legacy_native_h96,half_var_target_linear_interp,0.83591617304279442,1.4325613722176784
beijing/legacy_native_h96,half_var_target_locf,0.83500908220749481,1.4300524458776664
beijing/legacy_native_h96,half_var_target_mean8,0.83555964201408672,1.426227013620782
beijing/legacy_native_h96,half_var_target_median8,0.83554882020679899,1.4295131462322928
beijing/legacy_native_h96,half_var_target_motm_reference,0.83870183188609271,1.4362375897179334
beijing/legacy_native_h96,half_var_target_saits,0.83552259492640546,1.4324772251575053
beijing/legacy_native_h96,half_var_target_seasonal_lag,0.83863695806826521,1.4315879171953172
beijing/legacy_native_h96,half_var_target_static_point,0.83266168154114506,1.4195152623017708
beijing/legacy_native_h96,half_var_target_timemixerpp,0.84139419392406445,1.439612248419367
beijing/legacy_native_h96,hybrid_mc_embedding,0.830908264803361,1.4183611010310528
beijing/legacy_native_h96,hybrid_mc_point_mean16,0.83250407258160275,1.4231093068894287
beijing/legacy_native_h96,hybrid_mc_point_median16,0.8320118195320868,1.4210494294523981
beijing/legacy_native_h96,hybrid_mc_quantile_mean16,0.82537519417747252,1.345178432302313
beijing/legacy_native_h96,hybrid_mc_quantile_median16,0.83220030521184052,1.4220725950144877
beijing/legacy_native_h96,hybrid_posterior_mean,0.83079734789193349,1.4207682538860791
beijing/legacy_native_h96,hybrid_posterior_moment,0.83117370911405164,1.4190057005433701
beijing/legacy_native_h96,hybrid_posterior_norm,0.83076069193468094,1.4218682273243584
beijing/legacy_native_h96,hybrid_posterior_variance,0.83133919953215807,1.4199889736784395
beijing/legacy_native_h96,hybrid_static_quantile_mean,0.82360007822340275,1.3421621710388363
beijing/legacy_native_h96,hybrid_static_quantile_median,0.8301351431181051,1.4196581177592738
beijing/legacy_native_h96,hybrid_unconditional_moment,0.83117855355501025,1.4186540602246263
beijing/legacy_native_h96,imputation_covariance_all,0.87278474613779655,1.7515224970881291
beijing/legacy_native_h96,imputation_covariance_targets,0.87291558166286298,1.7521712836093786
beijing/legacy_native_h96,independent_plus_native_mean,0.90688165102791618,1.9177874522219416
beijing/legacy_native_h96,independent_plus_native_median,0.90688515165515826,1.926717241807248
beijing/legacy_native_h96,independent_proxy_mean,0.9110851790679565,1.935382704734006
beijing/legacy_native_h96,independent_proxy_median,0.90745321333507833,1.9292888007672226
beijing/legacy_native_h96,isolated_gaussian,0.90655797540979721,1.9182248545197194
beijing/legacy_native_h96,isolated_knn_multivariate,0.90637312992702934,1.9208876569674975
beijing/legacy_native_h96,isolated_linear_interp,0.913457210900951,1.952504881369616
beijing/legacy_native_h96,isolated_local_ridge,0.91951728596527038,1.9705972799555589
beijing/legacy_native_h96,isolated_locf,0.92116649337112,1.9761120760317248
beijing/legacy_native_h96,isolated_motm_reference,0.9238811174484215,1.9764129226291851
beijing/legacy_native_h96,isolated_peer_ar_bridge,0.90629980476370442,1.9272769482859833
beijing/legacy_native_h96,isolated_peer_residual_linear,0.90664685473333206,1.9285534038025398
beijing/legacy_native_h96,isolated_peer_ridge,0.90545335944343319,1.9156479850173651
beijing/legacy_native_h96,isolated_saits,0.9050780894580982,1.9259185799747909
beijing/legacy_native_h96,isolated_seasonal_lag,0.93080374165172797,2.0065665421093959
beijing/legacy_native_h96,isolated_timemixerpp,0.9313987207892751,2.0126850435321901
beijing/legacy_native_h96,joint_reference_mean,0.91209352976675362,1.9402623768733924
beijing/legacy_native_h96,joint_reference_median,0.90832526539606029,1.9327664529934712
beijing/legacy_native_h96,linear_var_direct,0.87401376735873126,1.3633682203487998
beijing/legacy_native_h96,local_ridge,0.87722154399057561,1.736873415629099
beijing/legacy_native_h96,location_norm_peer_ridge,0.87402649624111195,1.7224469418647335
beijing/legacy_native_h96,long_repair_gaussian_peer,0.79660222338915787,1.4497716779520022
beijing/legacy_native_h96,long_repair_gaussian_targets,0.79500146382202186,1.4324599817464254
beijing/legacy_native_h96,long_repair_knn_multivariate_peer,0.79616181244578932,1.450594962558245
beijing/legacy_native_h96,long_repair_knn_multivariate_targets,0.79635592908607833,1.4384165161747096
beijing/legacy_native_h96,long_repair_local_ridge_peer,0.79716267615354131,1.449710136805382
beijing/legacy_native_h96,long_repair_local_ridge_targets,0.79627265826387517,1.4325217586520036
beijing/legacy_native_h96,long_repair_peer_ridge_peer,0.79641485001856205,1.4496701787023156
beijing/legacy_native_h96,long_repair_peer_ridge_targets,0.79464154754143923,1.4317889361896965
beijing/legacy_native_h96,mc_embedding_component,0.87313539162392662,1.7474381482013548
beijing/legacy_native_h96,mc_point_mean16_component,0.87568197594495845,1.7532813690232383
beijing/legacy_native_h96,mc_point_median16_component,0.87461425391134695,1.7489061820738305
beijing/legacy_native_h96,mc_quantile_mean16_component,0.85157539098373858,1.6048564902268232
beijing/legacy_native_h96,mc_quantile_median16_component,0.87506269175977192,1.7514827803941087
beijing/legacy_native_h96,native_local,0.87005374418846737,1.6676351948260815
beijing/legacy_native_h96,native_long_prefix_peer,0.79650660274823537,1.4455980879739829
beijing/legacy_native_h96,native_long_prefix_targets,0.78980084201107859,1.4164768935861962
beijing/legacy_native_h96,native_long_raw_peer,0.79650660968473919,1.4455980774105193
beijing/legacy_native_h96,native_long_raw_targets,0.789800846165155,1.4164769026596946
beijing/legacy_native_h96,native_observation_attention,0.86412983614147454,1.6680355753260481
beijing/legacy_native_h96,native_peer,0.86334510675076848,1.6677519513041272
beijing/legacy_native_h96,native_targets_only,0.89221020843367393,1.8769733947493779
beijing/legacy_native_h96,natural_lora,0.87223391241630122,1.6701834301223233
beijing/legacy_native_h96,observed_norm_local_ridge,0.87728812945884016,1.7369977211351084
beijing/legacy_native_h96,observed_norm_peer_ar_bridge,0.88064229057670163,1.7510172081872248
beijing/legacy_native_h96,observed_norm_peer_knn_multivariate,0.87891262265734527,1.7636264529899739
beijing/legacy_native_h96,observed_norm_peer_linear_interp,0.88833331632920853,1.798947052388862
beijing/legacy_native_h96,observed_norm_peer_locf,0.89123523527854431,1.8106973782373368
beijing/legacy_native_h96,observed_norm_peer_mean8,0.87914845142964149,1.74932647315501
beijing/legacy_native_h96,observed_norm_peer_median8,0.88290922004727868,1.7799362757426538
beijing/legacy_native_h96,observed_norm_peer_motm_reference,0.89337542391037139,1.8091981959832808
beijing/legacy_native_h96,observed_norm_peer_residual_linear,0.88117265447120763,1.7512674497751739
beijing/legacy_native_h96,observed_norm_peer_ridge,0.87385546151110083,1.7218777256211346
beijing/legacy_native_h96,observed_norm_peer_saits,0.88336656589686469,1.7911618596044485
beijing/legacy_native_h96,observed_norm_peer_seasonal_lag,0.88094052945827894,1.7420018929219525
beijing/legacy_native_h96,observed_norm_peer_timemixerpp,0.88505626403837923,1.7717101133520059
beijing/legacy_native_h96,observed_norm_target_knn_multivariate,0.87654193423029347,1.7353630314941551
beijing/legacy_native_h96,observed_norm_target_linear_interp,0.88626341614218773,1.7666967850833151
beijing/legacy_native_h96,observed_norm_target_locf,0.88838390723113958,1.7789087113493844
beijing/legacy_native_h96,observed_norm_target_mean8,0.87904144935928408,1.7318871185074711
beijing/legacy_native_h96,observed_norm_target_median8,0.87993684880975087,1.7458028524720737
beijing/legacy_native_h96,observed_norm_target_motm_reference,0.88712523265507348,1.7603349513208351
beijing/legacy_native_h96,observed_norm_target_saits,0.88077598361567755,1.7559803779665735
beijing/legacy_native_h96,observed_norm_target_seasonal_lag,0.88314383696975973,1.7484160962537996
beijing/legacy_native_h96,observed_norm_target_timemixerpp,0.88954865694929453,1.7709836971213839
beijing/legacy_native_h96,peer_ar_bridge,0.88057859656006154,1.7509069361224483
beijing/legacy_native_h96,peer_future_ridge,0.86109198874366111,1.6501284124267823
beijing/legacy_native_h96,peer_knn_multivariate,0.87872824455299492,1.7642622058382067
beijing/legacy_native_h96,peer_linear_interp,0.88704137295202468,1.7944523152702934
beijing/legacy_native_h96,peer_locf,0.88684327515347972,1.7916663811803881
beijing/legacy_native_h96,peer_matched_source_fixed_joint,0.87414967845796199,1.7238805839324727
beijing/legacy_native_h96,peer_matched_source_fixed_mae,0.87344457962812039,1.7161350845124659
beijing/legacy_native_h96,peer_matched_source_single_mae,0.8819317371111044,1.7455060193274832
beijing/legacy_native_h96,peer_mean8,0.87853611551997213,1.7478146014323812
beijing/legacy_native_h96,peer_median8,0.88253263004254412,1.778740966335022
beijing/legacy_native_h96,peer_motm_reference,0.89324551307559164,1.808162061867572
beijing/legacy_native_h96,peer_residual_linear,0.88114405346777935,1.7511017538555207
beijing/legacy_native_h96,peer_ridge,0.87376718023385058,1.7218339391268167
beijing/legacy_native_h96,peer_saits,0.88205342686882382,1.7884663425582972
beijing/legacy_native_h96,peer_seasonal_lag,0.8819317371111044,1.7455060193274832
beijing/legacy_native_h96,peer_source_fixed_joint,0.87425794464007323,1.7234972622482605
beijing/legacy_native_h96,peer_source_fixed_mae,0.87321588555569385,1.713112324730284
beijing/legacy_native_h96,peer_source_single_mae,0.8819317371111044,1.7455060193274832
beijing/legacy_native_h96,peer_timemixerpp,0.88430417074819678,1.769386462782947
beijing/legacy_native_h96,posterior_mean_component,0.87525693848934372,1.7529516652104753
beijing/legacy_native_h96,posterior_moment_component,0.87365936452839665,1.749286776642083
beijing/legacy_native_h96,posterior_norm_component,0.87461225105605556,1.7556107803343739
beijing/legacy_native_h96,posterior_variance_component,0.87382387814456897,1.7513898556662417
beijing/legacy_native_h96,proxy_pool_only_mean,0.91209352976675362,1.9402623768733924
beijing/legacy_native_h96,proxy_pool_only_median,0.90832526539606029,1.9327664529934712
beijing/legacy_native_h96,query_aux_both_gaussian_short,0.90806862709175917,1.8316896946374577
beijing/legacy_native_h96,query_aux_both_native_long,0.82449917925802263,1.5362972801659973
beijing/legacy_native_h96,query_aux_both_native_short,0.89951888499718391,1.7835431379541449
beijing/legacy_native_h96,query_aux_group_native_long,0.80350221849105641,1.4655320585593674
beijing/legacy_native_h96,query_aux_time_native_long,0.81226692669893985,1.5079613052383056
beijing/legacy_native_h96,query_readonly_native_long,0.82461652779127659,1.546493152613247
beijing/legacy_native_h96,raw_plus_duplicate_pool,0.86907030953860287,1.7210513146762614
beijing/legacy_native_h96,raw_plus_duplicate_single,0.86514960043023692,1.6780061296213031
beijing/legacy_native_h96,raw_plus_gaussian,0.86419752480260581,1.6780895320158751
beijing/legacy_native_h96,raw_plus_knn,0.86467261134619333,1.6816183495191008
beijing/legacy_native_h96,raw_plus_pool,0.87116371869291731,1.7293759627047987
beijing/legacy_native_h96,raw_plus_pool_median,0.86676578557693496,1.6886659166591913
beijing/legacy_native_h96,raw_plus_pool_proxy_mean,0.89342506795234877,1.8102633503251655
beijing/legacy_native_h96,raw_plus_pool_proxy_median,0.89186934605541568,1.8090379785072779
beijing/legacy_native_h96,scale_norm_peer_ridge,0.87354515582235981,1.7212628160957244
beijing/legacy_native_h96,shifted_norm_peer_ridge,0.87362319516517595,1.721181816805976
beijing/legacy_native_h96,static_quantile_mean,0.84871295499578547,1.6028606686727089
beijing/legacy_native_h96,static_quantile_median,0.8720306319825375,1.7493173632570322
beijing/legacy_native_h96,target_anchor_pool,0.8884929605883366,1.8685427459925306
beijing/legacy_native_h96,target_anchor_proxy_mean,0.91235927355722046,1.9411433203643724
beijing/legacy_native_h96,target_anchor_proxy_median,0.90857832864526189,1.9336921125829332
beijing/legacy_native_h96,target_dynamic_mixture_mean16,0.85783206068726692,1.6014419342132378
beijing/legacy_native_h96,target_dynamic_mixture_median16,0.88110317737323474,1.7546673270994575
beijing/legacy_native_h96,target_filtered_point,0.88112404714296533,1.7537576476064902
beijing/legacy_native_h96,target_knn_multivariate,0.8765992891431923,1.7354685315119067
beijing/legacy_native_h96,target_linear_interp,0.88555185279474236,1.7635676161541862
beijing/legacy_native_h96,target_locf,0.88439581196140216,1.7591579546857545
beijing/legacy_native_h96,target_matched_source_fixed_joint,0.87526706308430002,1.7174657990822551
beijing/legacy_native_h96,target_matched_source_fixed_mae,0.87517954621966298,1.7145009560225357
beijing/legacy_native_h96,target_matched_source_single_mae,0.88376365748059316,1.7504976674573924
beijing/legacy_native_h96,target_mean8,0.87864143106918025,1.7308828650814718
beijing/legacy_native_h96,target_median8,0.87989771942636164,1.7456729077764004
beijing/legacy_native_h96,target_motm_reference,0.8871926934925648,1.7604470720724599
beijing/legacy_native_h96,target_saits,0.88064578788288417,1.7554722408634504
beijing/legacy_native_h96,target_sample_point_mean16,0.88113086771175508,1.7548475371808834
beijing/legacy_native_h96,target_sample_point_median16,0.88070755675083667,1.7531113423619511
beijing/legacy_native_h96,target_seasonal_lag,0.88376365748059316,1.7504976674573924
beijing/legacy_native_h96,target_smoothed_cdf_median,0.88056947028869148,1.7507174693405843
beijing/legacy_native_h96,target_smoothed_point,0.88056947271499419,1.750717469443634
beijing/legacy_native_h96,target_source_fixed_joint,0.87536903678180333,1.7173926022190455
beijing/legacy_native_h96,target_source_fixed_mae,0.87507771088251662,1.7129827956924879
beijing/legacy_native_h96,target_source_single_mae,0.88376365748059316,1.7504976674573924
beijing/legacy_native_h96,target_static_point,0.87381543657875371,1.722030296696871
beijing/legacy_native_h96,target_timemixerpp,0.88899595965617062,1.7695881190630722
beijing/legacy_native_h96,transport_diagonal,0.82892585985880041,1.4253035307106441
beijing/legacy_native_h96,transport_independent_f,0.86744920364138711,1.7316949427097226
beijing/legacy_native_h96,transport_mean_center,0.82672857769076147,1.4479638124294241
beijing/legacy_native_h96,transport_no_initial,0.83602285209533866,1.5197572006444882
beijing/legacy_native_h96,transport_unscaled,0.82840052436765899,1.5214462593962217
beijing/legacy_native_h96,unconditional_moment_component,0.87406885905488918,1.7503746853565243
beijing/natural_outage_h24,correlation_transport,0.40313240917368859,0.27281577765448534
beijing/natural_outage_h24,corruption_lora,0.50670777883994966,0.41986313296858313
beijing/natural_outage_h24,covariance_portfolio_global,0.44199705198041839,0.30262647673556226
beijing/natural_outage_h24,covariance_portfolio_station,0.43165351972295457,0.31552977940905358
beijing/natural_outage_h24,forecast_covariance,0.42711904878355078,0.30260660443041826
beijing/natural_outage_h24,full_dynamic_mixture_mean16,0.47480885715494575,0.34587385128956322
beijing/natural_outage_h24,full_dynamic_mixture_median16,0.46910478768200176,0.34506038429983832
beijing/natural_outage_h24,full_filtered_point,0.45522236944784145,0.33112540008822133
beijing/natural_outage_h24,full_sample_point_mean16,0.46554220781987349,0.34019427002739427
beijing/natural_outage_h24,full_sample_point_median16,0.46568570195243558,0.34214294120591987
beijing/natural_outage_h24,full_smoothed_cdf_median,0.45810466578568315,0.33523237018375335
beijing/natural_outage_h24,full_smoothed_point,0.45810416684873517,0.33523257228410014
beijing/natural_outage_h24,full_static_point,0.42343555241669134,0.30711354627796944
beijing/natural_outage_h24,gaussian_conditional_attention,0.42146747453522532,0.3051525147977418
beijing/natural_outage_h24,gaussian_group_attention,0.42398072821142319,0.30734256588378478
beijing/natural_outage_h24,gaussian_observation_attention,0.4382673273977637,0.32375399619198686
beijing/natural_outage_h24,gaussian_provenance,0.53718041930031435,0.4872707264523502
beijing/natural_outage_h24,gaussian_provenance_attention,0.53579176684335084,0.47945952146847598
beijing/natural_outage_h24,gaussian_shifted_attention,0.42360319222724208,0.30695227206735737
beijing/natural_outage_h24,gaussian_time_attention,0.42249793937542846,0.30563654429147652
beijing/natural_outage_h24,half_input_mix,0.45141237192276851,0.32105426232266587
beijing/natural_outage_h24,half_output_mix,0.45335416313719162,0.32614035448619583
beijing/natural_outage_h24,half_static_var,0.400215450778662,0.27060134469932734
beijing/natural_outage_h24,half_var_corruption_lora,0.42222818487097546,0.28280549579560005
beijing/natural_outage_h24,half_var_forecast_covariance,0.40400745780107877,0.27207784198414636
beijing/natural_outage_h24,half_var_gaussian_conditional_attention,0.3978038123754109,0.26781307411506999
beijing/natural_outage_h24,half_var_gaussian_group_attention,0.40066285721891909,0.27081772633414836
beijing/natural_outage_h24,half_var_gaussian_observation_attention,0.4036276212849268,0.27368959588010405
beijing/natural_outage_h24,half_var_gaussian_provenance,0.43269130876487111,0.31548981030089757
beijing/natural_outage_h24,half_var_gaussian_provenance_attention,0.43061165835467724,0.31179452428672644
beijing/natural_outage_h24,half_var_gaussian_shifted_attention,0.4002341354136561,0.27057725828683216
beijing/natural_outage_h24,half_var_gaussian_time_attention,0.3979221928055437,0.26786559307331043
beijing/natural_outage_h24,half_var_imputation_covariance_all,0.40008820120647698,0.2697498576290534
beijing/natural_outage_h24,half_var_imputation_covariance_targets,0.39982118368042613,0.26952326056096704
beijing/natural_outage_h24,half_var_independent_plus_native_mean,0.44257684969287392,0.31406077679103644
beijing/natural_outage_h24,half_var_independent_plus_native_median,0.43137035676223773,0.30592418103904184
beijing/natural_outage_h24,half_var_independent_proxy_mean,0.44149583585586472,0.31260368769640945
beijing/natural_outage_h24,half_var_independent_proxy_median,0.43092647081900631,0.30640714689288723
beijing/natural_outage_h24,half_var_isolated_gaussian,0.43623403769859936,0.31818715183651974
beijing/natural_outage_h24,half_var_isolated_knn_multivariate,0.42420829985820468,0.31565195131758012
beijing/natural_outage_h24,half_var_isolated_linear_interp,0.49440961925106069,0.39250844373655086
beijing/natural_outage_h24,half_var_isolated_local_ridge,0.47366060213111455,0.35371524785382275
beijing/natural_outage_h24,half_var_isolated_locf,0.49632060770796488,0.3955641361854671
beijing/natural_outage_h24,half_var_isolated_motm_reference,0.51390315206762127,0.40203741529569936
beijing/natural_outage_h24,half_var_isolated_peer_ar_bridge,0.42713672863025015,0.30482666220712612
beijing/natural_outage_h24,half_var_isolated_peer_residual_linear,0.43473408780426004,0.316345197219629
beijing/natural_outage_h24,half_var_isolated_peer_ridge,0.4367885305577463,0.31739869253604835
beijing/natural_outage_h24,half_var_isolated_saits,0.43405772713083524,0.31214831878548932
beijing/natural_outage_h24,half_var_isolated_seasonal_lag,0.46787884429140209,0.34171031827524767
beijing/natural_outage_h24,half_var_isolated_timemixerpp,0.47131041861596357,0.3612981204536187
beijing/natural_outage_h24,half_var_joint_reference_mean,0.44081588565084151,0.31093826541702502
beijing/natural_outage_h24,half_var_joint_reference_median,0.42979574212828919,0.30508669130348171
beijing/natural_outage_h24,half_var_local_ridge,0.43507245775678066,0.30183272671295286
beijing/natural_outage_h24,half_var_long_repair_gaussian_peer,0.38816838603097592,0.24514281459382001
beijing/natural_outage_h24,half_var_long_repair_gaussian_targets,0.3995364566048874,0.26104595809408587
beijing/natural_outage_h24,half_var_long_repair_knn_multivariate_peer,0.3886764368700934,0.24407054526593919
beijing/natural_outage_h24,half_var_long_repair_knn_multivariate_targets,0.39677365013600924,0.25864772732674407
beijing/natural_outage_h24,half_var_long_repair_local_ridge_peer,0.42242727125485974,0.27609688283338918
beijing/natural_outage_h24,half_var_long_repair_local_ridge_targets,0.45022838182681008,0.31529319693712204
beijing/natural_outage_h24,half_var_long_repair_peer_ridge_peer,0.38805273307133709,0.24468783535395958
beijing/natural_outage_h24,half_var_long_repair_peer_ridge_targets,0.39910369938003992,0.26055594955795552
beijing/natural_outage_h24,half_var_native_local,0.43451286868542821,0.30089446266050929
beijing/natural_outage_h24,half_var_native_long_prefix_peer,0.41275494632573206,0.26383286505701814
beijing/natural_outage_h24,half_var_native_long_prefix_targets,0.43468921320397519,0.29135930356368966
beijing/natural_outage_h24,half_var_native_long_raw_peer,0.41275497572289838,0.26383289466286658
beijing/natural_outage_h24,half_var_native_long_raw_targets,0.4346892145068888,0.29135930360735757
beijing/natural_outage_h24,half_var_native_observation_attention,0.41935099345597487,0.28351815676147324
beijing/natural_outage_h24,half_var_native_peer,0.42031603055058087,0.28319156264196299
beijing/natural_outage_h24,half_var_native_targets_only,0.4695036404117876,0.36051635819616706
beijing/natural_outage_h24,half_var_natural_lora,0.42273454790128834,0.28809750859657945
beijing/natural_outage_h24,half_var_peer_ar_bridge,0.39978707364749066,0.26549256156260143
beijing/natural_outage_h24,half_var_peer_future_ridge,0.41262731155316534,0.27538085608576235
beijing/natural_outage_h24,half_var_peer_knn_multivariate,0.39986111683816544,0.26680454187506225
beijing/natural_outage_h24,half_var_peer_linear_interp,0.47500642370752577,0.36086601432601162
beijing/natural_outage_h24,half_var_peer_locf,0.47501906421516349,0.36026900652150945
beijing/natural_outage_h24,half_var_peer_mean8,0.43084508890459827,0.2851446256937884
beijing/natural_outage_h24,half_var_peer_median8,0.42032673572827634,0.27756410598049353
beijing/natural_outage_h24,half_var_peer_motm_reference,0.47899205093244729,0.3407425754862598
beijing/natural_outage_h24,half_var_peer_residual_linear,0.40411821625878819,0.27142472047840366
beijing/natural_outage_h24,half_var_peer_ridge,0.39952339951776655,0.26840507011630238
beijing/natural_outage_h24,half_var_peer_saits,0.40919838980872658,0.27316586690497296
beijing/natural_outage_h24,half_var_peer_seasonal_lag,0.44528360400665368,0.30840210284488939
beijing/natural_outage_h24,half_var_peer_timemixerpp,0.4497286559277745,0.32406136109642419
beijing/natural_outage_h24,half_var_proxy_pool_only_mean,0.44081588565084151,0.31093826541702502
beijing/natural_outage_h24,half_var_proxy_pool_only_median,0.42979574212828919,0.30508669130348171
beijing/natural_outage_h24,half_var_query_aux_both_gaussian_short,0.40683648617689477,0.27155925938254127
beijing/natural_outage_h24,half_var_query_aux_both_native_long,0.42384292373673671,0.28017903072674871
beijing/natural_outage_h24,half_var_query_aux_both_native_short,0.43595071320573081,0.30372553613577441
beijing/natural_outage_h24,half_var_query_aux_group_native_long,0.41523626899563104,0.26756254327880447
beijing/natural_outage_h24,half_var_query_aux_time_native_long,0.41872922094541054,0.27089490120637982
beijing/natural_outage_h24,half_var_query_readonly_native_long,0.42955051173331388,0.28601437233863886
beijing/natural_outage_h24,half_var_raw_plus_duplicate_pool,0.42649281849220583,0.28959878227837227
beijing/natural_outage_h24,half_var_raw_plus_duplicate_single,0.42083959255048303,0.28352580408465367
beijing/natural_outage_h24,half_var_raw_plus_gaussian,0.4192531091746714,0.28176695001316426
beijing/natural_outage_h24,half_var_raw_plus_knn,0.4193312356456515,0.28185825820423721
beijing/natural_outage_h24,half_var_raw_plus_pool,0.43835759451057044,0.29922831799003108
beijing/natural_outage_h24,half_var_raw_plus_pool_median,0.4190640502197151,0.28166000321779794
beijing/natural_outage_h24,half_var_raw_plus_pool_proxy_mean,0.41428107949741055,0.27183014816604495
beijing/natural_outage_h24,half_var_raw_plus_pool_proxy_median,0.40502710808165315,0.26696286516791373
beijing/natural_outage_h24,half_var_target_anchor_pool,0.46346417408470869,0.34678904891823964
beijing/natural_outage_h24,half_var_target_anchor_proxy_mean,0.4409868078969163,0.31125152407945778
beijing/natural_outage_h24,half_var_target_anchor_proxy_median,0.43030165649040542,0.30574920024506852
beijing/natural_outage_h24,half_var_target_knn_multivariate,0.39700041939167979,0.26440217228917956
beijing/natural_outage_h24,half_var_target_linear_interp,0.4741218728321967,0.35878849141293262
beijing/natural_outage_h24,half_var_target_locf,0.47534571406348208,0.36173207848009109
beijing/natural_outage_h24,half_var_target_mean8,0.42753543288834872,0.28179907279135435
beijing/natural_outage_h24,half_var_target_median8,0.41734347724707899,0.27552552283248005
beijing/natural_outage_h24,half_var_target_motm_reference,0.47604867857681371,0.3361119770251027
beijing/natural_outage_h24,half_var_target_saits,0.40720699047724374,0.27130339768217082
beijing/natural_outage_h24,half_var_target_seasonal_lag,0.43856912448674606,0.30022526687472123
beijing/natural_outage_h24,half_var_target_static_point,0.40005162789320842,0.27033200423684872
beijing/natural_outage_h24,half_var_target_timemixerpp,0.44025757151790595,0.3143651280509116
beijing/natural_outage_h24,hybrid_mc_embedding,0.40092617838701727,0.27043469489009903
beijing/natural_outage_h24,hybrid_mc_point_mean16,0.40261382665283224,0.26842076311541435
beijing/natural_outage_h24,hybrid_mc_point_median16,0.40405347377606043,0.26885239501436908
beijing/natural_outage_h24,hybrid_mc_quantile_mean16,0.41624158211413492,0.27817719749679903
beijing/natural_outage_h24,hybrid_mc_quantile_median16,0.40456294300330065,0.26950768644531908
beijing/natural_outage_h24,hybrid_posterior_mean,0.39940626819214925,0.265798145071592
beijing/natural_outage_h24,hybrid_posterior_moment,0.40159094969837678,0.2708547867451781
beijing/natural_outage_h24,hybrid_posterior_norm,0.39972827192023469,0.26884344796412468
beijing/natural_outage_h24,hybrid_posterior_variance,0.40140023085659476,0.27427739722457556
beijing/natural_outage_h24,hybrid_static_quantile_mean,0.41564186730512326,0.27870005114318913
beijing/natural_outage_h24,hybrid_static_quantile_median,0.40021731281192779,0.2706015462343962
beijing/natural_outage_h24,hybrid_unconditional_moment,0.40330037961236603,0.27331494503244524
beijing/natural_outage_h24,imputation_covariance_all,0.42537534298499496,0.30778931851228924
beijing/natural_outage_h24,imputation_covariance_targets,0.42571747389410719,0.30815923201486101
beijing/natural_outage_h24,independent_plus_native_mean,0.51850315631768018,0.43097010062348312
beijing/natural_outage_h24,independent_plus_native_median,0.4949318052901881,0.41055760389553231
beijing/natural_outage_h24,independent_proxy_mean,0.5136738515997521,0.42282143914178172
beijing/natural_outage_h24,independent_proxy_median,0.49319757253407043,0.40865035648030573
beijing/natural_outage_h24,isolated_gaussian,0.49768002780377824,0.42567759886292839
beijing/natural_outage_h24,isolated_knn_multivariate,0.48771152535268408,0.43039004383483581
beijing/natural_outage_h24,isolated_linear_interp,0.68028603168638924,0.7201920088354683
beijing/natural_outage_h24,isolated_local_ridge,0.57794585047535396,0.52306932033099696
beijing/natural_outage_h24,isolated_locf,0.68347128109574384,0.72618803106233687
beijing/natural_outage_h24,isolated_motm_reference,0.69897209748870248,0.81468076086439722
beijing/natural_outage_h24,isolated_peer_ar_bridge,0.48164074492007652,0.40611368893798239
beijing/natural_outage_h24,isolated_peer_residual_linear,0.54086068868975423,0.48221513267401828
beijing/natural_outage_h24,isolated_peer_ridge,0.50171149277935001,0.42796163196464782
beijing/natural_outage_h24,isolated_saits,0.49920609355431173,0.42175199308553851
beijing/natural_outage_h24,isolated_seasonal_lag,0.59606392357698856,0.62787866988600372
beijing/natural_outage_h24,isolated_timemixerpp,0.58385057879431013,0.58832800274576824
beijing/natural_outage_h24,joint_reference_mean,0.5131928801732365,0.42025753242158598
beijing/natural_outage_h24,joint_reference_median,0.49186669670947608,0.40450891030939284
beijing/natural_outage_h24,linear_var_direct,0.4336078559848906,0.30369969115531037
beijing/natural_outage_h24,local_ridge,0.50106080018587285,0.39818360546341625
beijing/natural_outage_h24,location_norm_peer_ridge,0.43014333562965423,0.31231056457773587
beijing/natural_outage_h24,long_repair_gaussian_peer,0.3917869648440937,0.25242482492855806
beijing/natural_outage_h24,long_repair_gaussian_targets,0.40310690788462905,0.27885023675669718
beijing/natural_outage_h24,long_repair_knn_multivariate_peer,0.40889778915382502,0.26879280999634708
beijing/natural_outage_h24,long_repair_knn_multivariate_targets,0.41182568571192624,0.28700619741413241
beijing/natural_outage_h24,long_repair_local_ridge_peer,0.46726908763403568,0.33614132198060626
beijing/natural_outage_h24,long_repair_local_ridge_targets,0.51559741760988453,0.43705330637864498
beijing/natural_outage_h24,long_repair_peer_ridge_peer,0.3941156914788419,0.25403138359999311
beijing/natural_outage_h24,long_repair_peer_ridge_targets,0.40558808724032419,0.2805386522784607
beijing/natural_outage_h24,mc_embedding_component,0.43334948243332461,0.31807178750780646
beijing/natural_outage_h24,mc_point_mean16_component,0.44741325436706264,0.3257682006235571
beijing/natural_outage_h24,mc_point_median16_component,0.45113808053224957,0.32887333502987792
beijing/natural_outage_h24,mc_quantile_mean16_component,0.4444880890796658,0.3293600692761619
beijing/natural_outage_h24,mc_quantile_median16_component,0.45404849745246345,0.33141140894493781
beijing/natural_outage_h24,native_local,0.56244667130019743,0.49006989189298217
beijing/natural_outage_h24,native_long_prefix_peer,0.4848391218097951,0.35932231632345674
beijing/natural_outage_h24,native_long_prefix_targets,0.53511237831218017,0.44056544502083644
beijing/natural_outage_h24,native_long_raw_peer,0.48483916574146524,0.35932238903731523
beijing/natural_outage_h24,native_long_raw_targets,0.53511238117442084,0.44056545010361514
beijing/natural_outage_h24,native_observation_attention,0.52630543520937989,0.4351673533686144
beijing/natural_outage_h24,native_peer,0.53019302211525599,0.43590418183154411
beijing/natural_outage_h24,native_targets_only,0.62273371274828537,0.64463608748232482
beijing/natural_outage_h24,natural_lora,0.52259009056877548,0.45374617896433106
beijing/natural_outage_h24,observed_norm_local_ridge,0.49778044228649715,0.39312894273233417
beijing/natural_outage_h24,observed_norm_peer_ar_bridge,0.4380331863450227,0.31833940605629724
beijing/natural_outage_h24,observed_norm_peer_knn_multivariate,0.43755898876625654,0.31926783578591045
beijing/natural_outage_h24,observed_norm_peer_linear_interp,0.64944598444427004,0.660557965155945
beijing/natural_outage_h24,observed_norm_peer_locf,0.64767413927853346,0.65442865909262482
beijing/natural_outage_h24,observed_norm_peer_mean8,0.52178433803004731,0.40101758762100026
beijing/natural_outage_h24,observed_norm_peer_median8,0.50170084147454619,0.37422833151124335
beijing/natural_outage_h24,observed_norm_peer_motm_reference,0.63833297464986705,0.64986669335655944
beijing/natural_outage_h24,observed_norm_peer_residual_linear,0.48471233312365364,0.37147417301797714
beijing/natural_outage_h24,observed_norm_peer_ridge,0.42972548142755856,0.31245315451040473
beijing/natural_outage_h24,observed_norm_peer_saits,0.4608093911236737,0.33017491619576411
beijing/natural_outage_h24,observed_norm_peer_seasonal_lag,0.56499727623572782,0.56756045038298242
beijing/natural_outage_h24,observed_norm_peer_timemixerpp,0.54635600545162732,0.50911636044258601
beijing/natural_outage_h24,observed_norm_target_knn_multivariate,0.43602987588589864,0.31652446379690852
beijing/natural_outage_h24,observed_norm_target_linear_interp,0.6490744241563412,0.65740338845226465
beijing/natural_outage_h24,observed_norm_target_locf,0.65001524731877536,0.66281318221235053
beijing/natural_outage_h24,observed_norm_target_mean8,0.51554953223499023,0.3962979060358956
beijing/natural_outage_h24,observed_norm_target_median8,0.49797320342334156,0.37552441317964602
beijing/natural_outage_h24,observed_norm_target_motm_reference,0.63828400315906797,0.64441272488309809
beijing/natural_outage_h24,observed_norm_target_saits,0.45387193510515145,0.32500700210209438
beijing/natural_outage_h24,observed_norm_target_seasonal_lag,0.55099894502819946,0.54738932319830735
beijing/natural_outage_h24,observed_norm_target_timemixerpp,0.52762525123616821,0.48824594432429985
beijing/natural_outage_h24,peer_ar_bridge,0.4380626243445061,0.317835738540517
beijing/natural_outage_h24,peer_future_ridge,0.49322408629496689,0.3888196092270812
beijing/natural_outage_h24,peer_knn_multivariate,0.43241254295199716,0.31184390193549044
beijing/natural_outage_h24,peer_linear_interp,0.65216472499697087,0.67010869518434957
beijing/natural_outage_h24,peer_locf,0.65199901843909769,0.66710403482546754
beijing/natural_outage_h24,peer_matched_source_fixed_joint,0.4813618609150257,0.35527794639718374
beijing/natural_outage_h24,peer_matched_source_fixed_mae,0.49447269789100307,0.37861115512953525
beijing/natural_outage_h24,peer_matched_source_single_mae,0.56539103667569801,0.56783756112541039
beijing/natural_outage_h24,peer_mean8,0.52098847993491393,0.39917024523566053
beijing/natural_outage_h24,peer_median8,0.50081908634880801,0.37313058510947084
beijing/natural_outage_h24,peer_motm_reference,0.63862728157796456,0.64939668623459745
beijing/natural_outage_h24,peer_residual_linear,0.48553474593627621,0.37278846230800511
beijing/natural_outage_h24,peer_ridge,0.4306344789315229,0.31264957786710262
beijing/natural_outage_h24,peer_saits,0.45866888061606098,0.3283783721239702
beijing/natural_outage_h24,peer_seasonal_lag,0.56539103667569801,0.56783756112541039
beijing/natural_outage_h24,peer_source_fixed_joint,0.48436656079034063,0.35973851739190615
beijing/natural_outage_h24,peer_source_fixed_mae,0.49945731470125826,0.38799451764751719
beijing/natural_outage_h24,peer_source_single_mae,0.56539103667569801,0.56783756112541039
beijing/natural_outage_h24,peer_timemixerpp,0.54526016935663268,0.508172633211596
beijing/natural_outage_h24,posterior_mean_component,0.42616001999335124,0.30391042948941205
beijing/natural_outage_h24,posterior_moment_component,0.43470912097324482,0.31888267535828513
beijing/natural_outage_h24,posterior_norm_component,0.42412896357362379,0.30542569372073275
beijing/natural_outage_h24,posterior_variance_component,0.43040871368853778,0.32167378396520369
beijing/natural_outage_h24,proxy_pool_only_mean,0.5131928801732365,0.42025753242158598
beijing/natural_outage_h24,proxy_pool_only_median,0.49186669670947608,0.40450891030939284
beijing/natural_outage_h24,query_aux_both_gaussian_short,0.44448626952774445,0.32144364333435205
beijing/natural_outage_h24,query_aux_both_native_long,0.5125351632314793,0.40546526937862964
beijing/natural_outage_h24,query_aux_both_native_short,0.55953457107130156,0.49987592566826344
beijing/natural_outage_h24,query_aux_group_native_long,0.4922584718621606,0.37261534259764773
beijing/natural_outage_h24,query_aux_time_native_long,0.49604724990297028,0.37287263982991292
beijing/natural_outage_h24,query_readonly_native_long,0.52534238843051573,0.42230282326516294
beijing/natural_outage_h24,raw_plus_duplicate_pool,0.53911367738509652,0.450900581275123
beijing/natural_outage_h24,raw_plus_duplicate_single,0.53171491060043119,0.43859407643654369
beijing/natural_outage_h24,raw_plus_gaussian,0.52740134228908497,0.43168072528336615
beijing/natural_outage_h24,raw_plus_knn,0.52812369477881782,0.43257019890016091
beijing/natural_outage_h24,raw_plus_pool,0.56814277180883588,0.48056110430529081
beijing/natural_outage_h24,raw_plus_pool_median,0.52669112609918389,0.43077148742160026
beijing/natural_outage_h24,raw_plus_pool_proxy_mean,0.47405570357489574,0.33958965697892424
beijing/natural_outage_h24,raw_plus_pool_proxy_median,0.45091081091882818,0.32144481097221406
beijing/natural_outage_h24,scale_norm_peer_ridge,0.42977487285452409,0.3122031984399315
beijing/natural_outage_h24,shifted_norm_peer_ridge,0.42893809187852,0.31076566390730381
beijing/natural_outage_h24,static_quantile_mean,0.44214057218155417,0.32321907708126707
beijing/natural_outage_h24,static_quantile_median,0.42343051431249584,0.30711316045632331
beijing/natural_outage_h24,target_anchor_pool,0.59991625704364437,0.5817042949003246
beijing/natural_outage_h24,target_anchor_proxy_mean,0.51385568410075944,0.42143407363848101
beijing/natural_outage_h24,target_anchor_proxy_median,0.49335097704829506,0.40649558790063334
beijing/natural_outage_h24,target_dynamic_mixture_mean16,0.47415806913996095,0.34660975945213779
beijing/natural_outage_h24,target_dynamic_mixture_median16,0.46585123362226399,0.34810710156990154
beijing/natural_outage_h24,target_filtered_point,0.45933659033217694,0.34150276152971371
beijing/natural_outage_h24,target_knn_multivariate,0.43699377562865438,0.31710554823024767
beijing/natural_outage_h24,target_linear_interp,0.65247787432578463,0.66770848626272361
beijing/natural_outage_h24,target_locf,0.65483312152413764,0.67633637150643622
beijing/natural_outage_h24,target_matched_source_fixed_joint,0.4766908647739696,0.35052660586596684
beijing/natural_outage_h24,target_matched_source_fixed_mae,0.48780767609013648,0.37069227658295834
beijing/natural_outage_h24,target_matched_source_single_mae,0.55149238432037551,0.54824832295566506
beijing/natural_outage_h24,target_mean8,0.51556733928194964,0.39495899604373857
beijing/natural_outage_h24,target_median8,0.49814784631756298,0.3751389811323374
beijing/natural_outage_h24,target_motm_reference,0.63911589740889896,0.64491207037961029
beijing/natural_outage_h24,target_saits,0.45362419114194613,0.32478260079910293
beijing/natural_outage_h24,target_sample_point_mean16,0.46348082949405517,0.34411021380495743
beijing/natural_outage_h24,target_sample_point_median16,0.46455761563510389,0.34758794157509149
beijing/natural_outage_h24,target_seasonal_lag,0.55149238432037551,0.54824832295566506
beijing/natural_outage_h24,target_smoothed_cdf_median,0.45902124110420833,0.34152451848697446
beijing/natural_outage_h24,target_smoothed_point,0.45902111433635873,0.34152458372576117
beijing/natural_outage_h24,target_source_fixed_joint,0.4795748442363259,0.35479830279055297
beijing/natural_outage_h24,target_source_fixed_mae,0.49263582573094,0.37956438920395491
beijing/natural_outage_h24,target_source_single_mae,0.55149238432037551,0.54824832295566506
beijing/natural_outage_h24,target_static_point,0.4290444301433925,0.31181918165010725
beijing/natural_outage_h24,target_timemixerpp,0.52723975894443809,0.48758435488953017
beijing/natural_outage_h24,transport_diagonal,0.39770844803525751,0.26808062936461197
beijing/natural_outage_h24,transport_independent_f,0.4260159295243815,0.29769738074134916
beijing/natural_outage_h24,transport_mean_center,0.41195916180099701,0.27646783078513965
beijing/natural_outage_h24,transport_no_initial,0.40331143488194804,0.27545789779882562
beijing/natural_outage_h24,transport_unscaled,0.40590111361660375,0.28134127836584005
beijing/natural_outage_h24,unconditional_moment_component,0.44045685430096487,0.33141400040284003
beijing/synthetic_outage_h24,correlation_transport,0.65884828229417791,0.89753708258085474
beijing/synthetic_outage_h24,corruption_lora,0.81507614785060023,1.3786988670418914
beijing/synthetic_outage_h24,covariance_portfolio_global,0.71431215523983005,1.0091824858705942
beijing/synthetic_outage_h24,covariance_portfolio_station,0.69413487263363594,0.95598403396555687
beijing/synthetic_outage_h24,forecast_covariance,0.6866356452096456,0.9856069778314055
beijing/synthetic_outage_h24,full_dynamic_mixture_mean16,0.70325970066365295,1.0905170383185865
beijing/synthetic_outage_h24,full_dynamic_mixture_median16,0.70898257646403928,1.0994884316207123
beijing/synthetic_outage_h24,full_filtered_point,0.7037781561907458,1.1007748654867464
beijing/synthetic_outage_h24,full_sample_point_mean16,0.70866885017817716,1.1002653890435505
beijing/synthetic_outage_h24,full_sample_point_median16,0.71171874713568872,1.1045397212316244
beijing/synthetic_outage_h24,full_smoothed_cdf_median,0.70356833638330019,1.0924305454773202
beijing/synthetic_outage_h24,full_smoothed_point,0.70356812787052381,1.0924305502614149
beijing/synthetic_outage_h24,full_static_point,0.69341749326646951,1.0929051524543232
beijing/synthetic_outage_h24,gaussian_conditional_attention,0.69584589648118012,1.1014062252689316
beijing/synthetic_outage_h24,gaussian_group_attention,0.69327518805558086,1.0920036157922972
beijing/synthetic_outage_h24,gaussian_observation_attention,0.76763188256040094,1.1850180040366978
beijing/synthetic_outage_h24,gaussian_provenance,0.99688183414468401,1.5635021497274433
beijing/synthetic_outage_h24,gaussian_provenance_attention,0.97351099878610903,1.5129120970410541
beijing/synthetic_outage_h24,gaussian_shifted_attention,0.6940065545031523,1.0923786711814332
beijing/synthetic_outage_h24,gaussian_time_attention,0.69595896280611491,1.1022306123948111
beijing/synthetic_outage_h24,half_input_mix,0.67722974249211543,0.99872452181533389
beijing/synthetic_outage_h24,half_output_mix,0.6781768029101255,1.0034537502452237
beijing/synthetic_outage_h24,half_static_var,0.66154587575949619,0.90383393625381625
beijing/synthetic_outage_h24,half_var_corruption_lora,0.69933018660664048,1.0019638914009914
beijing/synthetic_outage_h24,half_var_forecast_covariance,0.65866141161596703,0.86944342403528252
beijing/synthetic_outage_h24,half_var_gaussian_conditional_attention,0.66210770263171725,0.9067087333907331
beijing/synthetic_outage_h24,half_var_gaussian_group_attention,0.66139171294984889,0.90334193790317396
beijing/synthetic_outage_h24,half_var_gaussian_observation_attention,0.68754081956406632,0.93783670597999802
beijing/synthetic_outage_h24,half_var_gaussian_provenance,0.76853808147801661,1.0316864217170543
beijing/synthetic_outage_h24,half_var_gaussian_provenance_attention,0.76080073361860301,1.0193757800183312
beijing/synthetic_outage_h24,half_var_gaussian_shifted_attention,0.66126682644566259,0.90301909726255702
beijing/synthetic_outage_h24,half_var_gaussian_time_attention,0.66223980028826257,0.90716181337674129
beijing/synthetic_outage_h24,half_var_imputation_covariance_all,0.66225289427443956,0.9056421632554903
beijing/synthetic_outage_h24,half_var_imputation_covariance_targets,0.66214428586950436,0.9062425971485385
beijing/synthetic_outage_h24,half_var_independent_plus_native_mean,0.59586267067127041,0.67500768682129975
beijing/synthetic_outage_h24,half_var_independent_plus_native_median,0.57457347314625173,0.66724985971407114
beijing/synthetic_outage_h24,half_var_independent_proxy_mean,0.59778479665270579,0.67641940760895036
beijing/synthetic_outage_h24,half_var_independent_proxy_median,0.56990194163778796,0.65690620801310795
beijing/synthetic_outage_h24,half_var_isolated_gaussian,0.56561824578461617,0.65181852491028514
beijing/synthetic_outage_h24,half_var_isolated_knn_multivariate,0.57461311004159532,0.69097570615815762
beijing/synthetic_outage_h24,half_var_isolated_linear_interp,0.76815665279051393,1.0028055021617173
beijing/synthetic_outage_h24,half_var_isolated_local_ridge,0.54115384599598726,0.59604975170146213
beijing/synthetic_outage_h24,half_var_isolated_locf,0.76815665279051393,1.0028055021617173
beijing/synthetic_outage_h24,half_var_isolated_motm_reference,0.67465832383793811,0.84431716419336755
beijing/synthetic_outage_h24,half_var_isolated_peer_ar_bridge,0.56280767078788962,0.64401377357444844
beijing/synthetic_outage_h24,half_var_isolated_peer_residual_linear,0.58313450910054898,0.67109181280601593
beijing/synthetic_outage_h24,half_var_isolated_peer_ridge,0.5643604575656509,0.65065761362418584
beijing/synthetic_outage_h24,half_var_isolated_saits,0.58079430601704418,0.68461165924667966
beijing/synthetic_outage_h24,half_var_isolated_seasonal_lag,0.64277983696941909,0.79893651765073959
beijing/synthetic_outage_h24,half_var_isolated_timemixerpp,0.69099963101939432,0.89152911229293197
beijing/synthetic_outage_h24,half_var_joint_reference_mean,0.60639941883890847,0.69136744936193439
beijing/synthetic_outage_h24,half_var_joint_reference_median,0.57999536084883385,0.67517988435461307
beijing/synthetic_outage_h24,half_var_local_ridge,0.64806756183537007,0.84529741603989861
beijing/synthetic_outage_h24,half_var_long_repair_gaussian_peer,0.63096953935281508,0.81099057406526154
beijing/synthetic_outage_h24,half_var_long_repair_gaussian_targets,0.5720655664227644,0.64958660795154866
beijing/synthetic_outage_h24,half_var_long_repair_knn_multivariate_peer,0.63531865627967632,0.82862266517553385
beijing/synthetic_outage_h24,half_var_long_repair_knn_multivariate_targets,0.5775528753448298,0.6715713090442631
beijing/synthetic_outage_h24,half_var_long_repair_local_ridge_peer,0.61728205761371269,0.7604469883171675
beijing/synthetic_outage_h24,half_var_long_repair_local_ridge_targets,0.56224496897908594,0.61655922387696749
beijing/synthetic_outage_h24,half_var_long_repair_peer_ridge_peer,0.63110398732593198,0.81178422137057993
beijing/synthetic_outage_h24,half_var_long_repair_peer_ridge_targets,0.57194582681774975,0.64961360069277296
beijing/synthetic_outage_h24,half_var_native_local,0.71804216996700887,0.94430244136142483
beijing/synthetic_outage_h24,half_var_native_long_prefix_peer,0.63542616861197665,0.77949630575228512
beijing/synthetic_outage_h24,half_var_native_long_prefix_targets,0.61697125883064563,0.74532171554768878
beijing/synthetic_outage_h24,half_var_native_long_raw_peer,0.63542624003134318,0.77949637822897744
beijing/synthetic_outage_h24,half_var_native_long_raw_targets,0.61697126926867074,0.7453217515006153
beijing/synthetic_outage_h24,half_var_native_observation_attention,0.70356780274865394,0.96101312047184939
beijing/synthetic_outage_h24,half_var_native_peer,0.71100313509785729,0.9579983103860984
beijing/synthetic_outage_h24,half_var_native_targets_only,0.60584666959209732,0.80456890811766479
beijing/synthetic_outage_h24,half_var_natural_lora,0.71362535241362923,1.016393723651605
beijing/synthetic_outage_h24,half_var_peer_ar_bridge,0.6593362630351115,0.89380133525121463
beijing/synthetic_outage_h24,half_var_peer_future_ridge,0.67378937201925326,0.89490743705364351
beijing/synthetic_outage_h24,half_var_peer_knn_multivariate,0.66722328379998752,0.9247233018526706
beijing/synthetic_outage_h24,half_var_peer_linear_interp,0.78114356544918273,1.0410782402820127
beijing/synthetic_outage_h24,half_var_peer_locf,0.78140650426737857,1.0422535600908314
beijing/synthetic_outage_h24,half_var_peer_mean8,0.70167413104110521,0.90798121264464748
beijing/synthetic_outage_h24,half_var_peer_median8,0.69229853847174072,0.91761305368164781
beijing/synthetic_outage_h24,half_var_peer_motm_reference,0.76259511726850038,1.0767577873127459
beijing/synthetic_outage_h24,half_var_peer_residual_linear,0.6781009071018943,0.92538006682599494
beijing/synthetic_outage_h24,half_var_peer_ridge,0.65929302575444282,0.8943673885436062
beijing/synthetic_outage_h24,half_var_peer_saits,0.66084206110992316,0.88797669914191812
beijing/synthetic_outage_h24,half_var_peer_seasonal_lag,0.71201576708811531,0.97133903298106361
beijing/synthetic_outage_h24,half_var_peer_timemixerpp,0.72011899400739943,0.96277690024429308
beijing/synthetic_outage_h24,half_var_proxy_pool_only_mean,0.60639941883890847,0.69136744936193439
beijing/synthetic_outage_h24,half_var_proxy_pool_only_median,0.57999536084883385,0.67517988435461307
beijing/synthetic_outage_h24,half_var_query_aux_both_gaussian_short,0.65123399317295538,0.84965446252793841
beijing/synthetic_outage_h24,half_var_query_aux_both_native_long,0.65871319596426237,0.82337322613464359
beijing/synthetic_outage_h24,half_var_query_aux_both_native_short,0.72121963130354816,0.93466932565002681
beijing/synthetic_outage_h24,half_var_query_aux_group_native_long,0.64559506134533373,0.79948386687850537
beijing/synthetic_outage_h24,half_var_query_aux_time_native_long,0.63559076806131098,0.78511570394010344
beijing/synthetic_outage_h24,half_var_query_readonly_native_long,0.65770574411007676,0.81802483976963491
beijing/synthetic_outage_h24,half_var_raw_plus_duplicate_pool,0.71859354035090872,0.95945430080405425
beijing/synthetic_outage_h24,half_var_raw_plus_duplicate_single,0.71288147936804858,0.95340873484605704
beijing/synthetic_outage_h24,half_var_raw_plus_gaussian,0.70604665208517103,0.95404824428686619
beijing/synthetic_outage_h24,half_var_raw_plus_knn,0.7054844776526864,0.95152410810235588
beijing/synthetic_outage_h24,half_var_raw_plus_pool,0.72333511447140719,0.93233157453215731
beijing/synthetic_outage_h24,half_var_raw_plus_pool_median,0.70602352531239354,0.94930038286278151
beijing/synthetic_outage_h24,half_var_raw_plus_pool_proxy_mean,0.66884952689136368,0.83801657733656609
beijing/synthetic_outage_h24,half_var_raw_plus_pool_proxy_median,0.65659233455061339,0.84723230876172551
beijing/synthetic_outage_h24,half_var_target_anchor_pool,0.59976646176635307,0.75655954490598309
beijing/synthetic_outage_h24,half_var_target_anchor_proxy_mean,0.6059722938172617,0.6913771854448526
beijing/synthetic_outage_h24,half_var_target_anchor_proxy_median,0.57961767462245606,0.67552528568071679
beijing/synthetic_outage_h24,half_var_target_knn_multivariate,0.66482695739793207,0.91184005097754717
beijing/synthetic_outage_h24,half_var_target_linear_interp,0.7805557124669994,1.0385368226146734
beijing/synthetic_outage_h24,half_var_target_locf,0.7805557124669994,1.0385368226146734
beijing/synthetic_outage_h24,half_var_target_mean8,0.70039873332655012,0.90161541953767299
beijing/synthetic_outage_h24,half_var_target_median8,0.69103530334650787,0.91232141661240318
beijing/synthetic_outage_h24,half_var_target_motm_reference,0.76048794935932218,1.0666145752918492
beijing/synthetic_outage_h24,half_var_target_saits,0.65798711038034063,0.87670950835796135
beijing/synthetic_outage_h24,half_var_target_seasonal_lag,0.71214616245020901,0.96797366155845566
beijing/synthetic_outage_h24,half_var_target_static_point,0.65928308588972906,0.89270739588099302
beijing/synthetic_outage_h24,half_var_target_timemixerpp,0.72074411103186031,0.95979327606948728
beijing/synthetic_outage_h24,hybrid_mc_embedding,0.66658750623730034,0.91606359653458658
beijing/synthetic_outage_h24,hybrid_mc_point_mean16,0.66929595274767284,0.92113520229485824
beijing/synthetic_outage_h24,hybrid_mc_point_median16,0.66895475379801406,0.92019489038698987
beijing/synthetic_outage_h24,hybrid_mc_quantile_mean16,0.66722618150020552,0.91108799296733478
beijing/synthetic_outage_h24,hybrid_mc_quantile_median16,0.66905986689668306,0.92019930214676526
beijing/synthetic_outage_h24,hybrid_posterior_mean,0.65968311035165139,0.89908389787230503
beijing/synthetic_outage_h24,hybrid_posterior_moment,0.66587149668244106,0.91485197731043078
beijing/synthetic_outage_h24,hybrid_posterior_norm,0.6615511529395085,0.90383790963991517
beijing/synthetic_outage_h24,hybrid_posterior_variance,0.66830935430992422,0.91977501015661967
beijing/synthetic_outage_h24,hybrid_static_quantile_mean,0.6612251106634236,0.89950619394835007
beijing/synthetic_outage_h24,hybrid_static_quantile_median,0.66154599789210378,0.90383398150936911
beijing/synthetic_outage_h24,hybrid_unconditional_moment,0.67830254523919409,0.95312037773930303
beijing/synthetic_outage_h24,imputation_covariance_all,0.6952343410141425,1.0962643013523194
beijing/synthetic_outage_h24,imputation_covariance_targets,0.69540794973998432,1.0998453929812031
beijing/synthetic_outage_h24,independent_plus_native_mean,0.58804247259138276,0.66392688457040905
beijing/synthetic_outage_h24,independent_plus_native_median,0.53201487298988959,0.6351347220714213
beijing/synthetic_outage_h24,independent_proxy_mean,0.58704762461393845,0.65739427657551153
beijing/synthetic_outage_h24,independent_proxy_median,0.51994710150959933,0.61287569189287894
beijing/synthetic_outage_h24,isolated_gaussian,0.52580137462975474,0.64696716733773019
beijing/synthetic_outage_h24,isolated_knn_multivariate,0.53619783262286413,0.69793907576486536
beijing/synthetic_outage_h24,isolated_linear_interp,0.98849079406302398,1.7064139399924956
beijing/synthetic_outage_h24,isolated_local_ridge,0.50823295297593829,0.59289052950663657
beijing/synthetic_outage_h24,isolated_locf,0.98849079406302398,1.7064139399924956
beijing/synthetic_outage_h24,isolated_motm_reference,0.81379009105570388,1.3174290341336026
beijing/synthetic_outage_h24,isolated_peer_ar_bridge,0.52340026888928259,0.63749936997381529
beijing/synthetic_outage_h24,isolated_peer_residual_linear,0.57183967933396385,0.7257202503905803
beijing/synthetic_outage_h24,isolated_peer_ridge,0.52611106744205405,0.65239624242900551
beijing/synthetic_outage_h24,isolated_saits,0.54327358352095301,0.66511783291650184
beijing/synthetic_outage_h24,isolated_seasonal_lag,0.7509659693564722,1.2407910666881674
beijing/synthetic_outage_h24,isolated_timemixerpp,0.84260499196039518,1.3494718664774572
beijing/synthetic_outage_h24,joint_reference_mean,0.60402947229685611,0.67744729214809674
beijing/synthetic_outage_h24,joint_reference_median,0.5383095474204781,0.64006881796545234
beijing/synthetic_outage_h24,linear_var_direct,0.66283718564464478,0.82479941163132919
beijing/synthetic_outage_h24,local_ridge,0.6825890158726583,0.96882418754000532
beijing/synthetic_outage_h24,location_norm_peer_ridge,0.69152055396054768,1.0707668700512205
beijing/synthetic_outage_h24,long_repair_gaussian_peer,0.62893205129197804,0.86599181258420455
beijing/synthetic_outage_h24,long_repair_gaussian_targets,0.51485326671263876,0.58340051683068861
beijing/synthetic_outage_h24,long_repair_knn_multivariate_peer,0.63459134469928213,0.89063106109737789
beijing/synthetic_outage_h24,long_repair_knn_multivariate_targets,0.52624022494869938,0.61990756570323546
beijing/synthetic_outage_h24,long_repair_local_ridge_peer,0.6083755334274521,0.76835266643054423
beijing/synthetic_outage_h24,long_repair_local_ridge_targets,0.50763950486178544,0.54208709757967599
beijing/synthetic_outage_h24,long_repair_peer_ridge_peer,0.6314432281234742,0.87094127837067148
beijing/synthetic_outage_h24,long_repair_peer_ridge_targets,0.51811445201240025,0.58712247182629029
beijing/synthetic_outage_h24,mc_embedding_component,0.70932480228343897,1.126885240312921
beijing/synthetic_outage_h24,mc_point_mean16_component,0.71110745383324103,1.1315124315978098
beijing/synthetic_outage_h24,mc_point_median16_component,0.71081216157925919,1.1301730036692674
beijing/synthetic_outage_h24,mc_quantile_mean16_component,0.70614852458296073,1.1204995549172676
beijing/synthetic_outage_h24,mc_quantile_median16_component,0.71044471805760123,1.1283466467109926
beijing/synthetic_outage_h24,native_local,0.84793867174074933,1.2507322347525602
beijing/synthetic_outage_h24,native_long_prefix_peer,0.6665391803445212,0.85667473646766223
beijing/synthetic_outage_h24,native_long_prefix_targets,0.67864658338243122,1.0608104431087377
beijing/synthetic_outage_h24,native_long_raw_peer,0.66653934033324747,0.85667494863858273
beijing/synthetic_outage_h24,native_long_raw_targets,0.67864661204837162,1.0608105430710071
beijing/synthetic_outage_h24,native_observation_attention,0.81450520168889007,1.2502502345004314
beijing/synthetic_outage_h24,native_peer,0.82995199539859488,1.2500544906466426
beijing/synthetic_outage_h24,native_targets_only,0.72672938042365764,1.3283256635018701
beijing/synthetic_outage_h24,natural_lora,0.85055261251470438,1.4419121029235156
beijing/synthetic_outage_h24,observed_norm_local_ridge,0.68389804654848552,0.97216152481211526
beijing/synthetic_outage_h24,observed_norm_peer_ar_bridge,0.69285059280484462,1.0711627784361211
beijing/synthetic_outage_h24,observed_norm_peer_knn_multivariate,0.70797369236974017,1.1293815517162729
beijing/synthetic_outage_h24,observed_norm_peer_linear_interp,0.9983304942738167,1.6705387738020649
beijing/synthetic_outage_h24,observed_norm_peer_locf,0.99894039809005397,1.673710297368582
beijing/synthetic_outage_h24,observed_norm_peer_mean8,0.80537083408645149,1.1354128250422346
beijing/synthetic_outage_h24,observed_norm_peer_median8,0.78584148838002144,1.1571272965825801
beijing/synthetic_outage_h24,observed_norm_peer_motm_reference,0.95105503459553786,1.6600929286268939
beijing/synthetic_outage_h24,observed_norm_peer_residual_linear,0.73384098049369273,1.1636960923948332
beijing/synthetic_outage_h24,observed_norm_peer_ridge,0.69256942879219219,1.0723801023558412
beijing/synthetic_outage_h24,observed_norm_peer_saits,0.68765725644409403,1.0220533841934456
beijing/synthetic_outage_h24,observed_norm_peer_seasonal_lag,0.85346642872646716,1.4504290607438879
beijing/synthetic_outage_h24,observed_norm_peer_timemixerpp,0.88901337606934783,1.4344485026551606
beijing/synthetic_outage_h24,observed_norm_target_knn_multivariate,0.70309592015006028,1.0909462173252467
beijing/synthetic_outage_h24,observed_norm_target_linear_interp,0.9970787413667298,1.6647113943551322
beijing/synthetic_outage_h24,observed_norm_target_locf,0.9970787413667298,1.6647113943551322
beijing/synthetic_outage_h24,observed_norm_target_mean8,0.80257348369142223,1.1178066479315667
beijing/synthetic_outage_h24,observed_norm_target_median8,0.78311865879325271,1.1433318725004902
beijing/synthetic_outage_h24,observed_norm_target_motm_reference,0.94646724397202953,1.6337250206582874
beijing/synthetic_outage_h24,observed_norm_target_saits,0.68214651169061924,0.99420209923139213
beijing/synthetic_outage_h24,observed_norm_target_seasonal_lag,0.85319461837319022,1.4405878619268648
beijing/synthetic_outage_h24,observed_norm_target_timemixerpp,0.89023728164821769,1.4273964536284696
beijing/synthetic_outage_h24,peer_ar_bridge,0.69217545370103239,1.0675523845201551
beijing/synthetic_outage_h24,peer_future_ridge,0.72697209769572757,1.0515141826183478
beijing/synthetic_outage_h24,peer_knn_multivariate,0.70614982878809396,1.1257809277657118
beijing/synthetic_outage_h24,peer_linear_interp,1.0142969669776907,1.7802656054546289
beijing/synthetic_outage_h24,peer_locf,1.0148422382813507,1.7830772873010261
beijing/synthetic_outage_h24,peer_matched_source_fixed_joint,0.74971194343088332,1.0886453790828596
beijing/synthetic_outage_h24,peer_matched_source_fixed_mae,0.76946652521008874,1.1222780137813972
beijing/synthetic_outage_h24,peer_matched_source_single_mae,0.85328055446329631,1.4493572048200267
beijing/synthetic_outage_h24,peer_mean8,0.80786870672521083,1.1384904978554165
beijing/synthetic_outage_h24,peer_median8,0.78553907198127026,1.1562366390402854
beijing/synthetic_outage_h24,peer_motm_reference,0.95280850363608793,1.6644654202908782
beijing/synthetic_outage_h24,peer_residual_linear,0.73696511773257278,1.1794647160729193
beijing/synthetic_outage_h24,peer_ridge,0.69206960070228896,1.0690753985699304
beijing/synthetic_outage_h24,peer_saits,0.68572377154569664,1.0196755203366594
beijing/synthetic_outage_h24,peer_seasonal_lag,0.85328055446329631,1.4493572048200267
beijing/synthetic_outage_h24,peer_source_fixed_joint,0.75374412170997196,1.0974722283231431
beijing/synthetic_outage_h24,peer_source_fixed_mae,0.77787239536109531,1.1429349686794572
beijing/synthetic_outage_h24,peer_source_single_mae,0.85328055446329631,1.4493572048200267
beijing/synthetic_outage_h24,peer_timemixerpp,0.89093216561981803,1.4394640507655743
beijing/synthetic_outage_h24,posterior_mean_component,0.69026080475037199,1.0803957247566147
beijing/synthetic_outage_h24,posterior_moment_component,0.7077735991911801,1.1242809339107831
beijing/synthetic_outage_h24,posterior_norm_component,0.69344416252548091,1.0932135517943271
beijing/synthetic_outage_h24,posterior_variance_component,0.71509221634883058,1.1385084996320378
beijing/synthetic_outage_h24,proxy_pool_only_mean,0.60402947229685611,0.67744729214809674
beijing/synthetic_outage_h24,proxy_pool_only_median,0.5383095474204781,0.64006881796545234
beijing/synthetic_outage_h24,query_aux_both_gaussian_short,0.67715289886297725,0.95433810840886224
beijing/synthetic_outage_h24,query_aux_both_native_long,0.735443090111909,1.0571879404492721
beijing/synthetic_outage_h24,query_aux_both_native_short,0.87277336090075197,1.2736483422996092
beijing/synthetic_outage_h24,query_aux_group_native_long,0.70107818361325325,0.97090817506976845
beijing/synthetic_outage_h24,query_aux_time_native_long,0.66218283074260809,0.84563201624988638
beijing/synthetic_outage_h24,query_readonly_native_long,0.74148488290869974,1.0978821499821814
beijing/synthetic_outage_h24,raw_plus_duplicate_pool,0.86285558722415445,1.325392328566207
beijing/synthetic_outage_h24,raw_plus_duplicate_single,0.83732654471526657,1.2468530081148426
beijing/synthetic_outage_h24,raw_plus_gaussian,0.81876941462764075,1.2361489782765391
beijing/synthetic_outage_h24,raw_plus_knn,0.81859044164948802,1.2309357726853016
beijing/synthetic_outage_h24,raw_plus_pool,0.86935782379240667,1.2484991842619049
beijing/synthetic_outage_h24,raw_plus_pool_median,0.81975415193035428,1.2247358670864497
beijing/synthetic_outage_h24,raw_plus_pool_proxy_mean,0.71951655840965978,0.92161007478787837
beijing/synthetic_outage_h24,raw_plus_pool_proxy_median,0.67687633744345233,0.92380846664547889
beijing/synthetic_outage_h24,scale_norm_peer_ridge,0.69311833917616505,1.0719985423611025
beijing/synthetic_outage_h24,shifted_norm_peer_ridge,0.69633187124423557,1.0841663997379885
beijing/synthetic_outage_h24,static_quantile_mean,0.69343527938648375,1.0935847393034583
beijing/synthetic_outage_h24,static_quantile_median,0.69341773753168479,1.0929052288996732
beijing/synthetic_outage_h24,target_anchor_pool,0.69829655522439182,1.1614260944113057
beijing/synthetic_outage_h24,target_anchor_proxy_mean,0.60320468856691301,0.6776569176910664
beijing/synthetic_outage_h24,target_anchor_proxy_median,0.53777163382255422,0.6411321327045173
beijing/synthetic_outage_h24,target_dynamic_mixture_mean16,0.6981342476921264,1.0574254548764725
beijing/synthetic_outage_h24,target_dynamic_mixture_median16,0.70432560071101402,1.0717834494119975
beijing/synthetic_outage_h24,target_filtered_point,0.69995030941229774,1.0749258644559967
beijing/synthetic_outage_h24,target_knn_multivariate,0.70147150757283716,1.088179637596729
beijing/synthetic_outage_h24,target_linear_interp,1.0131668923333266,1.7746053799015293
beijing/synthetic_outage_h24,target_locf,1.0131668923333266,1.7746053799015293
beijing/synthetic_outage_h24,target_matched_source_fixed_joint,0.74693878217230536,1.0690873203292783
beijing/synthetic_outage_h24,target_matched_source_fixed_mae,0.76734186547269434,1.1059664041839059
beijing/synthetic_outage_h24,target_matched_source_single_mae,0.85305810921038339,1.4397552139025853
beijing/synthetic_outage_h24,target_mean8,0.80519189265469648,1.1213242230674056
beijing/synthetic_outage_h24,target_median8,0.78296497338632276,1.1428475401142002
beijing/synthetic_outage_h24,target_motm_reference,0.94857395920682441,1.6389094957315713
beijing/synthetic_outage_h24,target_saits,0.68022590173004749,0.99181229296577955
beijing/synthetic_outage_h24,target_sample_point_mean16,0.70411002626822172,1.0722218201284737
beijing/synthetic_outage_h24,target_sample_point_median16,0.70752331316013606,1.0771705442066868
beijing/synthetic_outage_h24,target_seasonal_lag,0.85305810921038339,1.4397552139025853
beijing/synthetic_outage_h24,target_smoothed_cdf_median,0.69995711977736619,1.0694279500370729
beijing/synthetic_outage_h24,target_smoothed_point,0.69995674957664278,1.0694278438997455
beijing/synthetic_outage_h24,target_source_fixed_joint,0.75104565210443486,1.0781979781972446
beijing/synthetic_outage_h24,target_source_fixed_mae,0.7759749899634466,1.127635351652809
beijing/synthetic_outage_h24,target_source_single_mae,0.85305810921038339,1.4397552139025853
beijing/synthetic_outage_h24,target_static_point,0.68935530342050866,1.061246269242242
beijing/synthetic_outage_h24,target_timemixerpp,0.89219565597622863,1.4329905801703255
beijing/synthetic_outage_h24,transport_diagonal,0.66084017727568101,0.90127555487375499
beijing/synthetic_outage_h24,transport_independent_f,0.68589283893186226,1.0616332068397243
beijing/synthetic_outage_h24,transport_mean_center,0.65730248111149669,0.89153310093436067
beijing/synthetic_outage_h24,transport_no_initial,0.65834313941178879,0.89658057202098407
beijing/synthetic_outage_h24,transport_unscaled,0.65229595132958595,0.8624319741497205
beijing/synthetic_outage_h24,unconditional_moment_component,0.74454664478847843,1.2322392986672572
hdb/native_grid_h24,corruption_lora,0.46899229125163827,0.64970734421311083
hdb/native_grid_h24,full_ffill,0.50203367457675352,0.70980016096813481
hdb/native_grid_h24,full_gaussian,0.47407858654705376,0.65220563581073465
hdb/native_grid_h24,full_knn,0.47358636788494846,0.65018826384820905
hdb/native_grid_h24,full_linear,0.4978116462911728,0.70285604392552692
hdb/native_grid_h24,full_median,0.47909830386866137,0.66050969677434268
hdb/native_grid_h24,full_seasonal24,0.47990651736768597,0.66251628068139501
hdb/native_grid_h24,gaussian_conditional_attention,0.47592247929425568,0.65579779957903106
hdb/native_grid_h24,gaussian_group_attention,0.47397204892254458,0.65208157999552097
hdb/native_grid_h24,gaussian_observation_attention,0.47598451953203025,0.65918405655127366
hdb/native_grid_h24,gaussian_provenance,0.47820028278167037,0.66108242991081645
hdb/native_grid_h24,gaussian_provenance_attention,0.47794852725662296,0.66033378637261675
hdb/native_grid_h24,gaussian_shifted_attention,0.47465253687933373,0.65326381593393112
hdb/native_grid_h24,gaussian_time_attention,0.47605373022003961,0.65595527902190165
hdb/native_grid_h24,half_gaussian_seasonal168,0.60497804457470628,0.76005269150637356
hdb/native_grid_h24,half_var_corruption_lora,0.74500464500478014,1.048001421144126
hdb/native_grid_h24,half_var_full_ffill,0.7509956534959763,1.0543429779711115
hdb/native_grid_h24,half_var_full_gaussian,0.74745974820678684,1.0463060336344581
hdb/native_grid_h24,half_var_full_knn,0.74636278698516545,1.0441013635127627
hdb/native_grid_h24,half_var_full_linear,0.75098251007089456,1.0557785014744299
hdb/native_grid_h24,half_var_full_median,0.74519240771671547,1.0382837385132999
hdb/native_grid_h24,half_var_full_seasonal24,0.74664833801766928,1.0443445910169684
hdb/native_grid_h24,half_var_gaussian_conditional_attention,0.74750391222828616,1.0461524879345923
hdb/native_grid_h24,half_var_gaussian_group_attention,0.74741069082795286,1.0462050656738386
hdb/native_grid_h24,half_var_gaussian_observation_attention,0.74760499150463677,1.0470813982089429
hdb/native_grid_h24,half_var_gaussian_provenance,0.73741091969071126,1.0295815319855239
hdb/native_grid_h24,half_var_gaussian_provenance_attention,0.73756406141869568,1.0296969263827316
hdb/native_grid_h24,half_var_gaussian_shifted_attention,0.74759267159558085,1.0461716650698858
hdb/native_grid_h24,half_var_gaussian_time_attention,0.74753079061138061,1.0461905042974995
hdb/native_grid_h24,half_var_independent_plus_native_mean,0.74349518043052876,1.0416345667904396
hdb/native_grid_h24,half_var_independent_plus_native_median,0.74050539521000269,1.0380367964729942
hdb/native_grid_h24,half_var_independent_proxy_mean,0.74445634353325163,1.0433899461028426
hdb/native_grid_h24,half_var_independent_proxy_median,0.74131022195180751,1.0387231849200473
hdb/native_grid_h24,half_var_isolated_ffill,0.75101256197366761,1.0638338061497783
hdb/native_grid_h24,half_var_isolated_gaussian,0.74161168024745638,1.0381258792626928
hdb/native_grid_h24,half_var_isolated_knn,0.74126084524926894,1.0389233974677206
hdb/native_grid_h24,half_var_isolated_linear,0.75029853359740695,1.0623435105214309
hdb/native_grid_h24,half_var_isolated_median,0.74338895965594476,1.0431756302819499
hdb/native_grid_h24,half_var_isolated_seasonal24,0.74064184774531039,1.0362057694350251
hdb/native_grid_h24,half_var_joint_reference_mean,0.74366308481588961,1.0420499249717583
hdb/native_grid_h24,half_var_joint_reference_median,0.74119572895717445,1.0385955249696373
hdb/native_grid_h24,half_var_long_repair_ffill_peer,0.73280821065416446,1.0214425957390985
hdb/native_grid_h24,half_var_long_repair_ffill_targets,0.74051178612747948,1.0422630111548505
hdb/native_grid_h24,half_var_long_repair_gaussian_peer,0.73239418578832904,1.0205341023547356
hdb/native_grid_h24,half_var_long_repair_gaussian_targets,0.73825771305284549,1.0371503763958079
hdb/native_grid_h24,half_var_long_repair_knn_peer,0.73217526140875921,1.0216026169947969
hdb/native_grid_h24,half_var_long_repair_knn_targets,0.73837178507708212,1.0392806118671156
hdb/native_grid_h24,half_var_long_repair_linear_peer,0.73445006590499251,1.0241038400235631
hdb/native_grid_h24,half_var_long_repair_linear_targets,0.74271910848962963,1.0474635555734071
hdb/native_grid_h24,half_var_long_repair_median_peer,0.73210707327515712,1.0191683663063129
hdb/native_grid_h24,half_var_long_repair_median_targets,0.74043259064975442,1.0422583449859442
hdb/native_grid_h24,half_var_long_repair_seasonal24_peer,0.73292571952870211,1.0242780937203706
hdb/native_grid_h24,half_var_long_repair_seasonal24_targets,0.73910254859100633,1.0414025284722337
hdb/native_grid_h24,half_var_mean9,0.7470191880045165,1.0433057657266858
hdb/native_grid_h24,half_var_median9,0.74609622749405835,1.0419540109762284
hdb/native_grid_h24,half_var_native_long_prefix_peer,0.73185299903981016,1.0201350147669899
hdb/native_grid_h24,half_var_native_long_prefix_targets,0.73594039412623835,1.0316654609336562
hdb/native_grid_h24,half_var_native_long_raw_peer,0.73185300037867862,1.0201350146795809
hdb/native_grid_h24,half_var_native_long_raw_targets,0.73594039381604903,1.0316654524490205
hdb/native_grid_h24,half_var_native_observation_attention,0.74376670477154228,1.0418513635124549
hdb/native_grid_h24,half_var_native_peer192,0.74201607394474955,1.0376158482226421
hdb/native_grid_h24,half_var_native_peer336,0.73827675523310521,1.0349816114818295
hdb/native_grid_h24,half_var_native_target192,0.73814563266757638,1.0332547044479468
hdb/native_grid_h24,half_var_native_targets_only,0.73814563266757638,1.0332547044479468
hdb/native_grid_h24,half_var_natural_lora,0.74485597923109159,1.053637410788119
hdb/native_grid_h24,half_var_proxy_pool_only_mean,0.74769787477226024,1.0494261042557271
hdb/native_grid_h24,half_var_proxy_pool_only_median,0.7452305189135453,1.0459717042536056
hdb/native_grid_h24,half_var_query_aux_both_gaussian_short,0.75050011934887406,1.0514671826844284
hdb/native_grid_h24,half_var_query_aux_both_native_long,0.73078761780481971,1.0139468850911066
hdb/native_grid_h24,half_var_query_aux_both_native_short,0.74218486787320603,1.0364825709186416
hdb/native_grid_h24,half_var_query_aux_group_native_long,0.73205706936013937,1.0166576729436274
hdb/native_grid_h24,half_var_query_aux_time_native_long,0.73067404172831507,1.0176417221848517
hdb/native_grid_h24,half_var_query_readonly_native_long,0.72998318589116584,1.0054024985814936
hdb/native_grid_h24,half_var_raw_plus_duplicate_pool,0.74220970115794405,1.0365559841486935
hdb/native_grid_h24,half_var_raw_plus_duplicate_single,0.74201804295070828,1.0370853915169274
hdb/native_grid_h24,half_var_raw_plus_gaussian,0.74276929327998686,1.0381820635822361
hdb/native_grid_h24,half_var_raw_plus_knn,0.74252892146954541,1.037656018578371
hdb/native_grid_h24,half_var_raw_plus_pool,0.74468152890662798,1.0410467819600742
hdb/native_grid_h24,half_var_raw_plus_pool_median,0.74226626466870771,1.0368526680022194
hdb/native_grid_h24,half_var_raw_plus_pool_proxy_mean,0.74977104725213473,1.048771378959096
hdb/native_grid_h24,half_var_raw_plus_pool_proxy_median,0.74742240006096783,1.0452011780117458
hdb/native_grid_h24,half_var_short_repair_ffill_peer,0.75096911130274979,1.0540583340024898
hdb/native_grid_h24,half_var_short_repair_gaussian_peer,0.74935050814680093,1.048891860372271
hdb/native_grid_h24,half_var_short_repair_knn_peer,0.74737518422659666,1.0457195865871265
hdb/native_grid_h24,half_var_short_repair_linear_peer,0.74979576122937408,1.0524884531490521
hdb/native_grid_h24,half_var_short_repair_median_peer,0.74774053382175787,1.0444212788653899
hdb/native_grid_h24,half_var_short_repair_seasonal24_peer,0.74720735710290809,1.0443794671704998
hdb/native_grid_h24,half_var_target_anchor_pool,0.73854428122767612,1.0344652847057079
hdb/native_grid_h24,half_var_target_anchor_proxy_mean,0.74329933422610861,1.0412191467855489
hdb/native_grid_h24,half_var_target_anchor_proxy_median,0.740907999758739,1.0377640726116908
hdb/native_grid_h24,half_var_target_gaussian,0.74935050814680093,1.048891860372271
hdb/native_grid_h24,half_var_target_knn,0.74737518422659666,1.0457195865871265
hdb/native_grid_h24,hour_mean_direct,0.86522962590535579,1.6896128193973334
hdb/native_grid_h24,independent_plus_native_mean,0.46004642184174721,0.64452862215857287
hdb/native_grid_h24,independent_plus_native_median,0.45653009204501349,0.64119684631168927
hdb/native_grid_h24,independent_proxy_mean,0.46063078310254796,0.64556499513690901
hdb/native_grid_h24,independent_proxy_median,0.45589588057358632,0.63919481791103938
hdb/native_grid_h24,isolated_ffill,0.47994503573613684,0.69819966214227869
hdb/native_grid_h24,isolated_gaussian,0.45838817562720141,0.64238105786546484
hdb/native_grid_h24,isolated_knn,0.45613611767316364,0.63944333916026985
hdb/native_grid_h24,isolated_linear,0.47799368073510251,0.69165381043670271
hdb/native_grid_h24,isolated_median,0.45812678816266228,0.64533696359354686
hdb/native_grid_h24,isolated_seasonal24,0.45949886741570861,0.64544840362936273
hdb/native_grid_h24,joint_reference_mean,0.46020903500286953,0.64441521253990741
hdb/native_grid_h24,joint_reference_median,0.45653649688566084,0.64004915944389928
hdb/native_grid_h24,linear_var_direct,1.1826091011551967,2.7343515961722229
hdb/native_grid_h24,long_repair_ffill_peer,0.4574568673494544,0.65193575305063112
hdb/native_grid_h24,long_repair_ffill_targets,0.46212191114567186,0.66288523429667356
hdb/native_grid_h24,long_repair_gaussian_peer,0.44830210119955666,0.64241249531128386
hdb/native_grid_h24,long_repair_gaussian_targets,0.45275647870252833,0.65334521645706056
hdb/native_grid_h24,long_repair_knn_peer,0.44789082165064781,0.64144995021505369
hdb/native_grid_h24,long_repair_knn_targets,0.45290797418266915,0.6538629904166291
hdb/native_grid_h24,long_repair_linear_peer,0.45643335743062724,0.64961629688283451
hdb/native_grid_h24,long_repair_linear_targets,0.46547040989800847,0.66871131847682319
hdb/native_grid_h24,long_repair_median_peer,0.44768621957089016,0.63800228749098276
hdb/native_grid_h24,long_repair_median_targets,0.4527727923379225,0.64945294884156524
hdb/native_grid_h24,long_repair_seasonal24_peer,0.44867764822157014,0.6417118529707192
hdb/native_grid_h24,long_repair_seasonal24_targets,0.45563951189717866,0.65258926594528377
hdb/native_grid_h24,mean9,0.47576441974549571,0.65250500358682639
hdb/native_grid_h24,median9,0.47273252426130874,0.64831639875467439
hdb/native_grid_h24,native_long_prefix_peer,0.44875901430946524,0.64045111119967524
hdb/native_grid_h24,native_long_prefix_targets,0.45213770016502597,0.64823065749634579
hdb/native_grid_h24,native_long_raw_peer,0.4487590175152476,0.64045114050914864
hdb/native_grid_h24,native_long_raw_targets,0.45213770057705777,0.64823065134899638
hdb/native_grid_h24,native_observation_attention,0.46505492298181356,0.64688363086006861
hdb/native_grid_h24,native_peer192,0.46568270294376685,0.64363922348503322
hdb/native_grid_h24,native_peer336,0.45479325566817774,0.64126023683893207
hdb/native_grid_h24,native_target192,0.45990032535253472,0.64692003841625456
hdb/native_grid_h24,native_targets_only,0.45990032535253472,0.64692003841625456
hdb/native_grid_h24,natural_lora,0.46713935657892919,0.64440593151518155
hdb/native_grid_h24,proxy_pool_only_mean,0.46844308885430802,0.65199938607495678
hdb/native_grid_h24,proxy_pool_only_median,0.46477055073709939,0.64763333297894865
hdb/native_grid_h24,query_aux_both_gaussian_short,0.47274428935807666,0.65588866321360106
hdb/native_grid_h24,query_aux_both_native_long,0.45091515127324822,0.64797714286415842
hdb/native_grid_h24,query_aux_both_native_short,0.46521863933581947,0.64735203000141461
hdb/native_grid_h24,query_aux_group_native_long,0.4509940171370983,0.64630340663843855
hdb/native_grid_h24,query_aux_time_native_long,0.44683872265787566,0.63895443051277701
hdb/native_grid_h24,query_readonly_native_long,0.45874966789247285,0.65581369964376923
hdb/native_grid_h24,raw_plus_duplicate_pool,0.46992263673133711,0.65168170402108794
hdb/native_grid_h24,raw_plus_duplicate_single,0.46700623982648121,0.6457829934591417
hdb/native_grid_h24,raw_plus_gaussian,0.4674443130568956,0.64506547607949483
hdb/native_grid_h24,raw_plus_knn,0.46728884764266415,0.64517345407114712
hdb/native_grid_h24,raw_plus_pool,0.47251912285361936,0.65410822762123955
hdb/native_grid_h24,raw_plus_pool_median,0.46750421416034421,0.64599180919319532
hdb/native_grid_h24,raw_plus_pool_proxy_mean,0.48135457401983595,0.66451630601802669
hdb/native_grid_h24,raw_plus_pool_proxy_median,0.47671275617603354,0.65832848780342357
hdb/native_grid_h24,seasonal168_direct,0.90823740210175985,1.8686660622313933
hdb/native_grid_h24,seasonal24_direct,0.66620839845309499,1.3485479475157642
hdb/native_grid_h24,short_repair_ffill_peer,0.50182118879301152,0.71018582787418916
hdb/native_grid_h24,short_repair_gaussian_peer,0.47245668894910597,0.64735933480932595
hdb/native_grid_h24,short_repair_knn_peer,0.47092589800601586,0.64600083103832795
hdb/native_grid_h24,short_repair_linear_peer,0.49589354813583708,0.69939747335385904
hdb/native_grid_h24,short_repair_median_peer,0.47661225187550726,0.65586069118953727
hdb/native_grid_h24,short_repair_seasonal24_peer,0.47712911861187329,0.65658167598262029
hdb/native_grid_h24,target_anchor_pool,0.45907813531562408,0.64592549348554662
hdb/native_grid_h24,target_anchor_proxy_mean,0.46076475567761765,0.64479513425159907
hdb/native_grid_h24,target_anchor_proxy_median,0.45704162340893295,0.64034227167331248
hdb/native_grid_h24,target_gaussian,0.47245668894910597,0.64735933480932595
hdb/native_grid_h24,target_knn,0.47092589800601586,0.64600083103832795
hdb/natural_outage_h24,corruption_lora,1.2330152605445077,3.959462478761973
hdb/natural_outage_h24,full_ffill,1.5055932394637284,5.7638260376167709
hdb/natural_outage_h24,full_gaussian,1.4689333975425845,4.8778160750735076
hdb/natural_outage_h24,full_knn,1.4398196663545808,4.8898461671846949
hdb/natural_outage_h24,full_linear,1.5008414670623154,5.8051202743514922
hdb/natural_outage_h24,full_median,1.2927707238081834,3.9885457108224083
hdb/natural_outage_h24,full_seasonal24,1.2979672617230862,4.5083671022419507
hdb/natural_outage_h24,gaussian_conditional_attention,1.4552931246978733,4.8590761538688394
hdb/natural_outage_h24,gaussian_group_attention,1.4692151087667265,4.8763567824071821
hdb/natural_outage_h24,gaussian_observation_attention,1.4602175628543677,4.891576799628421
hdb/natural_outage_h24,gaussian_provenance,1.2977908483696623,4.0774917855640602
hdb/natural_outage_h24,gaussian_provenance_attention,1.3008493745446452,4.1023137873862696
hdb/natural_outage_h24,gaussian_shifted_attention,1.4659804817045488,4.8775871019623089
hdb/natural_outage_h24,gaussian_time_attention,1.4546384298239396,4.859961205819161
hdb/natural_outage_h24,half_gaussian_seasonal168,1.5400658161580307,5.0495936368091492
hdb/natural_outage_h24,half_var_corruption_lora,1.4289254287184725,4.0267200211384111
hdb/natural_outage_h24,half_var_full_ffill,1.5219303698768571,4.6811642871822139
hdb/natural_outage_h24,half_var_full_gaussian,1.5601760996646941,4.69284266271627
hdb/natural_outage_h24,half_var_full_knn,1.5428186798726609,4.6597462530449105
hdb/natural_outage_h24,half_var_full_linear,1.5235247538431702,4.6922790649134072
hdb/natural_outage_h24,half_var_full_median,1.4740173455819627,4.1482027975344922
hdb/natural_outage_h24,half_var_full_seasonal24,1.4461983959017619,4.168637672555211
hdb/natural_outage_h24,half_var_gaussian_conditional_attention,1.5531499135867552,4.6783576739862607
hdb/natural_outage_h24,half_var_gaussian_group_attention,1.5602876729488497,4.6922388009465941
hdb/natural_outage_h24,half_var_gaussian_observation_attention,1.5485989577176933,4.7001986438424241
hdb/natural_outage_h24,half_var_gaussian_provenance,1.4373817673288305,4.097577809768123
hdb/natural_outage_h24,half_var_gaussian_provenance_attention,1.4460509636668417,4.1149840654278789
hdb/natural_outage_h24,half_var_gaussian_shifted_attention,1.558765511120477,4.6935931817149354
hdb/natural_outage_h24,half_var_gaussian_time_attention,1.5527784902818818,4.6785333986507673
hdb/natural_outage_h24,half_var_independent_plus_native_mean,1.5102207070291642,4.4000746181337735
hdb/natural_outage_h24,half_var_independent_plus_native_median,1.4597042780356313,4.1463660141968344
hdb/natural_outage_h24,half_var_independent_proxy_mean,1.5196057574623973,4.4496273036514875
hdb/natural_outage_h24,half_var_independent_proxy_median,1.4671194741045992,4.1729686355980879
hdb/natural_outage_h24,half_var_isolated_ffill,1.5168894073912975,4.6899928000433215
hdb/natural_outage_h24,half_var_isolated_gaussian,1.5886743849625877,4.8350646168344733
hdb/natural_outage_h24,half_var_isolated_knn,1.5759438305693219,4.7822873480293788
hdb/natural_outage_h24,half_var_isolated_linear,1.5201154074846506,4.7188043253894989
hdb/natural_outage_h24,half_var_isolated_median,1.4798897263744621,4.1607477859358575
hdb/natural_outage_h24,half_var_isolated_seasonal24,1.465328715659159,4.2258702588435302
hdb/natural_outage_h24,half_var_joint_reference_mean,1.5139944095955349,4.4468675788973746
hdb/natural_outage_h24,half_var_joint_reference_median,1.4635321364082572,4.1974091650267944
hdb/natural_outage_h24,half_var_long_repair_ffill_peer,1.5125219227271995,4.6887460552130626
hdb/natural_outage_h24,half_var_long_repair_ffill_targets,1.4929424719797943,4.5702035426685512
hdb/natural_outage_h24,half_var_long_repair_gaussian_peer,1.5465159257429777,4.5872529926338084
hdb/natural_outage_h24,half_var_long_repair_gaussian_targets,1.5655338780562564,4.6696727755896781
hdb/natural_outage_h24,half_var_long_repair_knn_peer,1.5289150589373599,4.5487604133137873
hdb/natural_outage_h24,half_var_long_repair_knn_targets,1.5351664497389101,4.5686014099935388
hdb/natural_outage_h24,half_var_long_repair_linear_peer,1.5192984243160115,4.7249885832984155
hdb/natural_outage_h24,half_var_long_repair_linear_targets,1.49663469326926,4.5864110724182829
hdb/natural_outage_h24,half_var_long_repair_median_peer,1.4616000194507419,4.1219389061760472
hdb/natural_outage_h24,half_var_long_repair_median_targets,1.460759876781996,4.1267537955034443
hdb/natural_outage_h24,half_var_long_repair_seasonal24_peer,1.4391018876259731,4.1331617291587879
hdb/natural_outage_h24,half_var_long_repair_seasonal24_targets,1.4428761698426984,4.1355217834722104
hdb/natural_outage_h24,half_var_mean9,1.5076188880788148,4.3999261377504233
hdb/natural_outage_h24,half_var_median9,1.4469442301999054,4.1379401027900258
hdb/natural_outage_h24,half_var_native_long_prefix_peer,1.4071057902506299,3.9466565295352884
hdb/natural_outage_h24,half_var_native_long_prefix_targets,1.4127528482937748,3.9427510585714041
hdb/natural_outage_h24,half_var_native_long_raw_peer,1.4071058014392845,3.9466565996183545
hdb/natural_outage_h24,half_var_native_long_raw_targets,1.4127528488632763,3.9427510655200888
hdb/natural_outage_h24,half_var_native_observation_attention,1.432450438154788,4.0628290717810893
hdb/natural_outage_h24,half_var_native_peer192,1.4354754952155104,4.077583492519274
hdb/natural_outage_h24,half_var_native_peer336,1.4022216431939327,3.9488303434108056
hdb/natural_outage_h24,half_var_native_target192,1.4571094256430324,4.1392204770666936
hdb/natural_outage_h24,half_var_native_targets_only,1.4571094256430324,4.1392204770666936
hdb/natural_outage_h24,half_var_natural_lora,1.436126358879922,4.0616850410879071
hdb/natural_outage_h24,half_var_proxy_pool_only_mean,1.5139944095955349,4.4468675788973746
hdb/natural_outage_h24,half_var_proxy_pool_only_median,1.4635321364082572,4.1974091650267944
hdb/natural_outage_h24,half_var_query_aux_both_gaussian_short,1.5772510451447279,4.7551858978577988
hdb/natural_outage_h24,half_var_query_aux_both_native_long,1.4120774299981731,3.9344791980006661
hdb/natural_outage_h24,half_var_query_aux_both_native_short,1.43965541528062,4.0645798096945462
hdb/natural_outage_h24,half_var_query_aux_group_native_long,1.4087214303306768,3.939268965524843
hdb/natural_outage_h24,half_var_query_aux_time_native_long,1.4056410643761985,3.9392996886775222
hdb/natural_outage_h24,half_var_query_readonly_native_long,1.4122531639674221,3.9437778864294888
hdb/natural_outage_h24,half_var_raw_plus_duplicate_pool,1.4432696864215817,4.1108046123746202
hdb/natural_outage_h24,half_var_raw_plus_duplicate_single,1.4384868128264798,4.0912008214580657
hdb/natural_outage_h24,half_var_raw_plus_gaussian,1.4516224354847442,4.1340514633950258
hdb/natural_outage_h24,half_var_raw_plus_knn,1.4519096225258294,4.1325784743368654
hdb/natural_outage_h24,half_var_raw_plus_pool,1.4497537245861154,4.174063382380492
hdb/natural_outage_h24,half_var_raw_plus_pool_median,1.4422571734113996,4.1029420318463758
hdb/natural_outage_h24,half_var_raw_plus_pool_proxy_mean,1.5159102298197857,4.4549104436073783
hdb/natural_outage_h24,half_var_raw_plus_pool_proxy_median,1.4645353912774832,4.2375782013859293
hdb/natural_outage_h24,half_var_short_repair_ffill_peer,1.5218474442811338,4.6959466613668672
hdb/natural_outage_h24,half_var_short_repair_gaussian_peer,1.5629954056656776,4.7085409691206479
hdb/natural_outage_h24,half_var_short_repair_knn_peer,1.5490877598342248,4.6878503388825603
hdb/natural_outage_h24,half_var_short_repair_linear_peer,1.5258528808114673,4.7129980084114713
hdb/natural_outage_h24,half_var_short_repair_median_peer,1.4717092210139411,4.1507573247844443
hdb/natural_outage_h24,half_var_short_repair_seasonal24_peer,1.444911886423299,4.1668875612688678
hdb/natural_outage_h24,half_var_target_anchor_pool,1.4661522482228706,4.1785175473201583
hdb/natural_outage_h24,half_var_target_anchor_proxy_mean,1.5121629274786246,4.4380563137015958
hdb/natural_outage_h24,half_var_target_anchor_proxy_median,1.4616647706887753,4.1867042872223008
hdb/natural_outage_h24,half_var_target_gaussian,1.5629954056656776,4.7085409691206479
hdb/natural_outage_h24,half_var_target_knn,1.5490877598342248,4.6878503388825603
hdb/natural_outage_h24,hour_mean_direct,1.2998757831053636,4.1454900137842605
hdb/natural_outage_h24,independent_plus_native_mean,1.3741705275369485,4.5301617493698032
hdb/natural_outage_h24,independent_plus_native_median,1.2715605293688919,4.2006958650972352
hdb/natural_outage_h24,independent_proxy_mean,1.3944322300253114,4.6078084666329095
hdb/natural_outage_h24,independent_proxy_median,1.2888576793805575,4.1913029435219533
hdb/natural_outage_h24,isolated_ffill,1.5005977833279094,5.7988073629399475
hdb/natural_outage_h24,isolated_gaussian,1.5144621244846008,5.1669235378416616
hdb/natural_outage_h24,isolated_knn,1.4937337085624991,5.0751171332348219
hdb/natural_outage_h24,isolated_linear,1.4993993751173365,5.9072097309865619
hdb/natural_outage_h24,isolated_median,1.2954991444744641,3.9648477382390772
hdb/natural_outage_h24,isolated_seasonal24,1.3128858654614954,4.5939585492239257
hdb/natural_outage_h24,joint_reference_mean,1.3850695423466033,4.6158467778490673
hdb/natural_outage_h24,joint_reference_median,1.2854097607396646,4.2503369335874321
hdb/natural_outage_h24,linear_var_direct,1.7269294441553704,4.9908812461368495
hdb/natural_outage_h24,long_repair_ffill_peer,1.4757201066301471,5.7642629265574588
hdb/natural_outage_h24,long_repair_ffill_targets,1.437516730974802,5.4949291217757157
hdb/natural_outage_h24,long_repair_gaussian_peer,1.4343794654696727,4.7063525325067612
hdb/natural_outage_h24,long_repair_gaussian_targets,1.4679339933657543,4.8965859468775994
hdb/natural_outage_h24,long_repair_knn_peer,1.4132228392053356,4.6883670679826963
hdb/natural_outage_h24,long_repair_knn_targets,1.4136732419909832,4.7775741620654273
hdb/natural_outage_h24,long_repair_linear_peer,1.4798846481262773,5.873041438780902
hdb/natural_outage_h24,long_repair_linear_targets,1.4356754732471524,5.5349824947332067
hdb/natural_outage_h24,long_repair_median_peer,1.266224223551242,3.9809901432372263
hdb/natural_outage_h24,long_repair_median_targets,1.2637862341636181,4.0121667391274132
hdb/natural_outage_h24,long_repair_seasonal24_peer,1.2828400220460812,4.4827472332129137
hdb/natural_outage_h24,long_repair_seasonal24_targets,1.271789926492007,4.4576916125157657
hdb/natural_outage_h24,mean9,1.3777479637682239,4.4598285767306827
hdb/natural_outage_h24,median9,1.2434725063686178,4.0190458871835713
hdb/natural_outage_h24,native_long_prefix_peer,1.2006215210209543,3.9136057656957473
hdb/natural_outage_h24,native_long_prefix_targets,1.1781775105480383,3.8877646429957426
hdb/natural_outage_h24,native_long_raw_peer,1.2006215475290352,3.9136059615348611
hdb/natural_outage_h24,native_long_raw_targets,1.1781775153190788,3.8877646839083146
hdb/natural_outage_h24,native_observation_attention,1.2515389974646203,4.0822811500151701
hdb/natural_outage_h24,native_peer192,1.2617093144975347,4.1143912326923537
hdb/natural_outage_h24,native_peer336,1.1841401251737784,3.9118261659625668
hdb/natural_outage_h24,native_target192,1.2677881527617938,4.2101293339479895
hdb/natural_outage_h24,native_targets_only,1.2677881527617938,4.2101293339479895
hdb/natural_outage_h24,natural_lora,1.2385365080331656,4.0474841350482809
hdb/natural_outage_h24,proxy_pool_only_mean,1.3850695423466033,4.6158467778490673
hdb/natural_outage_h24,proxy_pool_only_median,1.2854097607396646,4.2503369335874321
hdb/natural_outage_h24,query_aux_both_gaussian_short,1.4857812861534574,4.9727614791304351
hdb/natural_outage_h24,query_aux_both_native_long,1.182678098654373,3.8757449492111622
hdb/natural_outage_h24,query_aux_both_native_short,1.2304381596935503,4.0560559597316796
hdb/natural_outage_h24,query_aux_group_native_long,1.1906415383895279,3.8940443294959133
hdb/natural_outage_h24,query_aux_time_native_long,1.1937765719287523,3.9026027264716299
hdb/natural_outage_h24,query_readonly_native_long,1.1920829068448959,3.9680175296281783
hdb/natural_outage_h24,raw_plus_duplicate_pool,1.260330075728562,4.1897032428178527
hdb/natural_outage_h24,raw_plus_duplicate_single,1.2620686137916386,4.1514987071381384
hdb/natural_outage_h24,raw_plus_gaussian,1.2805827615184624,4.2023135936228675
hdb/natural_outage_h24,raw_plus_knn,1.2814023405210813,4.1991964253891307
hdb/natural_outage_h24,raw_plus_pool,1.288416360414586,4.3137089014972441
hdb/natural_outage_h24,raw_plus_pool_median,1.2675094181161666,4.1748757417759172
hdb/natural_outage_h24,raw_plus_pool_proxy_mean,1.3902488467331724,4.6485775184935862
hdb/natural_outage_h24,raw_plus_pool_proxy_median,1.2932804005127883,4.345060306830387
hdb/natural_outage_h24,seasonal168_direct,1.6514728153122311,5.5698849533287946
hdb/natural_outage_h24,seasonal24_direct,1.3917315371471402,4.7963545134842489
hdb/natural_outage_h24,short_repair_ffill_peer,1.5056437877830282,5.802886818735824
hdb/natural_outage_h24,short_repair_gaussian_peer,1.4753359055479143,4.9170653942325728
hdb/natural_outage_h24,short_repair_knn_peer,1.4529985709693447,4.9435283912211307
hdb/natural_outage_h24,short_repair_linear_peer,1.5043708986646973,5.8551459236884718
hdb/natural_outage_h24,short_repair_median_peer,1.2879897936225779,4.0047101312915458
hdb/natural_outage_h24,short_repair_seasonal24_peer,1.2955173421559649,4.5085414806770379
hdb/natural_outage_h24,target_anchor_pool,1.293072115903743,4.2549896356385428
hdb/natural_outage_h24,target_anchor_proxy_mean,1.3812338828733988,4.6067738685388928
hdb/natural_outage_h24,target_anchor_proxy_median,1.2808962679753644,4.2398691411869818
hdb/natural_outage_h24,target_gaussian,1.4753359055479143,4.9170653942325728
hdb/natural_outage_h24,target_knn,1.4529985709693447,4.9435283912211307
hdb/synthetic_outage_h24,corruption_lora,0.64322876964705911,1.1200202204401815
hdb/synthetic_outage_h24,full_ffill,1.0953229340564103,2.2736396290945553
hdb/synthetic_outage_h24,full_gaussian,0.91555008764415946,2.1009599464941098
hdb/synthetic_outage_h24,full_knn,0.84673255221705546,1.7902606893884503
hdb/synthetic_outage_h24,full_linear,1.1024543180977193,2.3082743518941773
hdb/synthetic_outage_h24,full_median,1.2068579728954845,2.3628927355132996
hdb/synthetic_outage_h24,full_seasonal24,0.83666036246442699,1.571816292647902
hdb/synthetic_outage_h24,gaussian_conditional_attention,0.91408570892534691,2.1239294372947821
hdb/synthetic_outage_h24,gaussian_group_attention,0.91561926056094756,2.1020135130934516
hdb/synthetic_outage_h24,gaussian_observation_attention,0.813936940272177,1.6119898490901976
hdb/synthetic_outage_h24,gaussian_provenance,1.486978517167163,4.5646999275428861
hdb/synthetic_outage_h24,gaussian_provenance_attention,1.4109155518931837,4.3863861905403443
hdb/synthetic_outage_h24,gaussian_shifted_attention,0.91691505537468587,2.1117985131324364
hdb/synthetic_outage_h24,gaussian_time_attention,0.91340761604048337,2.119677884478961
hdb/synthetic_outage_h24,half_gaussian_seasonal168,0.85753755007546484,1.7247351647961959
hdb/synthetic_outage_h24,half_var_corruption_lora,0.86437325897109929,1.3833797866596398
hdb/synthetic_outage_h24,half_var_full_ffill,1.1354300642835693,2.111383344775815
hdb/synthetic_outage_h24,half_var_full_gaussian,1.0634069775690191,2.382663375966755
hdb/synthetic_outage_h24,half_var_full_knn,1.0306831506011669,2.1754300620965377
hdb/synthetic_outage_h24,half_var_full_linear,1.1390370785660586,2.1266220290602176
hdb/synthetic_outage_h24,half_var_full_median,1.1536783197376177,2.2059826861869336
hdb/synthetic_outage_h24,half_var_full_seasonal24,0.9363933233613404,1.5517002006941958
hdb/synthetic_outage_h24,half_var_gaussian_conditional_attention,1.0617797476125395,2.384358849755269
hdb/synthetic_outage_h24,half_var_gaussian_group_attention,1.0633795452633588,2.3833131091533866
hdb/synthetic_outage_h24,half_var_gaussian_observation_attention,0.99757914791837221,2.0259536862970497
hdb/synthetic_outage_h24,half_var_gaussian_provenance,1.2334377306581255,3.3329544343557234
hdb/synthetic_outage_h24,half_var_gaussian_provenance_attention,1.2015791917293783,3.2581316637012874
hdb/synthetic_outage_h24,half_var_gaussian_shifted_attention,1.0637110184106602,2.3844768799236551
hdb/synthetic_outage_h24,half_var_gaussian_time_attention,1.0615645270256608,2.3825757460898354
hdb/synthetic_outage_h24,half_var_independent_plus_native_mean,1.0331936448384615,1.8731862560141161
hdb/synthetic_outage_h24,half_var_independent_plus_native_median,0.97825343986657665,1.6996070990736871
hdb/synthetic_outage_h24,half_var_independent_proxy_mean,1.0587317673762753,1.9545796947692484
hdb/synthetic_outage_h24,half_var_independent_proxy_median,1.061119090722572,1.9754484673959918
hdb/synthetic_outage_h24,half_var_isolated_ffill,1.1263403207208693,2.089790222065377
hdb/synthetic_outage_h24,half_var_isolated_gaussian,1.0832836508716472,2.4417976437650455
hdb/synthetic_outage_h24,half_var_isolated_knn,1.043615017812763,2.2090314139648268
hdb/synthetic_outage_h24,half_var_isolated_linear,1.1293113542984263,2.1016060764054347
hdb/synthetic_outage_h24,half_var_isolated_median,1.1683177378608125,2.2496094416418484
hdb/synthetic_outage_h24,half_var_isolated_seasonal24,0.95483272762820925,1.6003403100223976
hdb/synthetic_outage_h24,half_var_joint_reference_mean,1.0600612977509316,1.9591505806262144
hdb/synthetic_outage_h24,half_var_joint_reference_median,1.0612653067407549,1.9745294625258463
hdb/synthetic_outage_h24,half_var_long_repair_ffill_peer,1.0732712198812147,1.9441348029893755
hdb/synthetic_outage_h24,half_var_long_repair_ffill_targets,1.0473960963948237,1.8872926471872609
hdb/synthetic_outage_h24,half_var_long_repair_gaussian_peer,1.0597647213101249,2.3915468985891883
hdb/synthetic_outage_h24,half_var_long_repair_gaussian_targets,1.068387096470746,2.4230719448215603
hdb/synthetic_outage_h24,half_var_long_repair_knn_peer,1.0250484172978154,2.1718859330898521
hdb/synthetic_outage_h24,half_var_long_repair_knn_targets,1.0285648190204142,2.1793868587328102
hdb/synthetic_outage_h24,half_var_long_repair_linear_peer,1.0814087782909041,1.9656901759684797
hdb/synthetic_outage_h24,half_var_long_repair_linear_targets,1.0588748499871758,1.9168394411189078
hdb/synthetic_outage_h24,half_var_long_repair_median_peer,1.1352067581478802,2.1367166825395838
hdb/synthetic_outage_h24,half_var_long_repair_median_targets,1.1488351472426821,2.1843249369540496
hdb/synthetic_outage_h24,half_var_long_repair_seasonal24_peer,0.90303670748750264,1.4787652149563424
hdb/synthetic_outage_h24,half_var_long_repair_seasonal24_targets,0.91107679632542293,1.4992169106013975
hdb/synthetic_outage_h24,half_var_mean9,1.0257777770741558,1.9095960376389287
hdb/synthetic_outage_h24,half_var_median9,1.0254025925449182,2.057578659272115
hdb/synthetic_outage_h24,half_var_native_long_prefix_peer,0.85066030690459726,1.3853242251194522
hdb/synthetic_outage_h24,half_var_native_long_prefix_targets,0.85954338309914946,1.4176824521754341
hdb/synthetic_outage_h24,half_var_native_long_raw_peer,0.85066030078387922,1.385324188823744
hdb/synthetic_outage_h24,half_var_native_long_raw_targets,0.85954339536493318,1.4176824762526874
hdb/synthetic_outage_h24,half_var_native_observation_attention,0.86863676987777716,1.4044800797154666
hdb/synthetic_outage_h24,half_var_native_peer192,0.87419949831147559,1.4267476974581446
hdb/synthetic_outage_h24,half_var_native_peer336,0.84931875222427644,1.3499882411503241
hdb/synthetic_outage_h24,half_var_native_target192,0.89468723586060017,1.4789714957100237
hdb/synthetic_outage_h24,half_var_native_targets_only,0.89468723586060017,1.4789714957100237
hdb/synthetic_outage_h24,half_var_natural_lora,0.870855217960113,1.391801134844777
hdb/synthetic_outage_h24,half_var_proxy_pool_only_mean,1.0600612977509316,1.9591505806262144
hdb/synthetic_outage_h24,half_var_proxy_pool_only_median,1.0612653067407549,1.9745294625258463
hdb/synthetic_outage_h24,half_var_query_aux_both_gaussian_short,1.0741323678568908,2.4173503368320657
hdb/synthetic_outage_h24,half_var_query_aux_both_native_long,0.8502977965083347,1.3824929962407866
hdb/synthetic_outage_h24,half_var_query_aux_both_native_short,0.87489151916874364,1.4096571593234204
hdb/synthetic_outage_h24,half_var_query_aux_group_native_long,0.85203920738493499,1.390872673230739
hdb/synthetic_outage_h24,half_var_query_aux_time_native_long,0.84733118710710953,1.3693868793216499
hdb/synthetic_outage_h24,half_var_query_readonly_native_long,0.85398191245712041,1.406483874700915
hdb/synthetic_outage_h24,half_var_raw_plus_duplicate_pool,0.8820171802543707,1.4481340736550137
hdb/synthetic_outage_h24,half_var_raw_plus_duplicate_single,0.87689693727669538,1.4366891864409823
hdb/synthetic_outage_h24,half_var_raw_plus_gaussian,0.88011820188476553,1.4440406348875752
hdb/synthetic_outage_h24,half_var_raw_plus_knn,0.87781640425946383,1.4349454970474538
hdb/synthetic_outage_h24,half_var_raw_plus_pool,0.90013745796651634,1.495762549699269
hdb/synthetic_outage_h24,half_var_raw_plus_pool_median,0.88281248961898751,1.4562696854597192
hdb/synthetic_outage_h24,half_var_raw_plus_pool_proxy_mean,1.0594109673286705,1.9547542187946227
hdb/synthetic_outage_h24,half_var_raw_plus_pool_proxy_median,1.0611966389717791,1.9676261293513848
hdb/synthetic_outage_h24,half_var_short_repair_ffill_peer,1.136628471766493,2.1168693912000314
hdb/synthetic_outage_h24,half_var_short_repair_gaussian_peer,1.0654098808457677,2.3934244102976416
hdb/synthetic_outage_h24,half_var_short_repair_knn_peer,1.0315073164508164,2.1789313165372763
hdb/synthetic_outage_h24,half_var_short_repair_linear_peer,1.138728390351633,2.1244791431564769
hdb/synthetic_outage_h24,half_var_short_repair_median_peer,1.1550227433296059,2.2091793444251966
hdb/synthetic_outage_h24,half_var_short_repair_seasonal24_peer,0.93751502979733692,1.5547482616709081
hdb/synthetic_outage_h24,half_var_target_anchor_pool,0.89401419870486498,1.4670142212476942
hdb/synthetic_outage_h24,half_var_target_anchor_proxy_mean,1.0590740773448295,1.9571221865343544
hdb/synthetic_outage_h24,half_var_target_anchor_proxy_median,1.0596129196183497,1.9701647687695558
hdb/synthetic_outage_h24,half_var_target_gaussian,1.0654098808457677,2.3934244102976416
hdb/synthetic_outage_h24,half_var_target_knn,1.0315073164508164,2.1789313165372763
hdb/synthetic_outage_h24,hour_mean_direct,0.86522962590535579,1.6896128193973334
hdb/synthetic_outage_h24,independent_plus_native_mean,0.84075927330988898,1.3790675343327881
hdb/synthetic_outage_h24,independent_plus_native_median,0.78986778830123905,1.4316329873931084
hdb/synthetic_outage_h24,independent_proxy_mean,0.8790937941284136,1.4654656797956553
hdb/synthetic_outage_h24,independent_proxy_median,0.88417395315336178,1.5447836756559361
hdb/synthetic_outage_h24,isolated_ffill,1.0765045487413112,2.2369230034592089
hdb/synthetic_outage_h24,isolated_gaussian,0.94441192494909942,2.2043909453552502
hdb/synthetic_outage_h24,isolated_knn,0.86384840665382001,1.8392534126105049
hdb/synthetic_outage_h24,isolated_linear,1.0823908788837877,2.2629357614248273
hdb/synthetic_outage_h24,isolated_median,1.2416915398989257,2.4610432537816185
hdb/synthetic_outage_h24,isolated_seasonal24,0.86695931590618591,1.6470354591402843
hdb/synthetic_outage_h24,joint_reference_mean,0.8829494444817525,1.4739852368600554
hdb/synthetic_outage_h24,joint_reference_median,0.88748514555289781,1.5472209361110596
hdb/synthetic_outage_h24,linear_var_direct,1.2949202426552615,3.110365002036874
hdb/synthetic_outage_h24,long_repair_ffill_peer,0.96636516572980746,2.0023914348179748
hdb/synthetic_outage_h24,long_repair_ffill_targets,0.9113589806381075,1.8585883664701133
hdb/synthetic_outage_h24,long_repair_gaussian_peer,0.91454521671672295,2.1494326357106051
hdb/synthetic_outage_h24,long_repair_gaussian_targets,0.92718952039797997,2.2173872171456446
hdb/synthetic_outage_h24,long_repair_knn_peer,0.84127574561196294,1.8115635112451396
hdb/synthetic_outage_h24,long_repair_knn_targets,0.84056992185264989,1.8182631460878289
hdb/synthetic_outage_h24,long_repair_linear_peer,0.9830297298081645,2.0281063153488326
hdb/synthetic_outage_h24,long_repair_linear_targets,0.93630757583481361,1.8964293607867297
hdb/synthetic_outage_h24,long_repair_median_peer,1.1726325773067769,2.2521108949752908
hdb/synthetic_outage_h24,long_repair_median_targets,1.2083351554515476,2.3544182309666262
hdb/synthetic_outage_h24,long_repair_seasonal24_peer,0.77114792070113847,1.4954616679535933
hdb/synthetic_outage_h24,long_repair_seasonal24_targets,0.77859804264560895,1.5074144197714778
hdb/synthetic_outage_h24,mean9,0.81581872248126275,1.3457128223768422
hdb/synthetic_outage_h24,median9,0.82106328122308758,1.6246194749076057
hdb/synthetic_outage_h24,native_long_prefix_peer,0.67958216777139935,1.3016852166222348
hdb/synthetic_outage_h24,native_long_prefix_targets,0.67894650313128091,1.372225967809461
hdb/synthetic_outage_h24,native_long_raw_peer,0.67958212081771707,1.3016849836655926
hdb/synthetic_outage_h24,native_long_raw_targets,0.6789464888743767,1.3722258706246133
hdb/synthetic_outage_h24,native_observation_attention,0.69023357470432822,1.2640362342938993
hdb/synthetic_outage_h24,native_peer192,0.68633763824548077,1.2565748453903234
hdb/synthetic_outage_h24,native_peer336,0.67057647890038452,1.209733390618603
hdb/synthetic_outage_h24,native_target192,0.6867843106424526,1.237262150462386
hdb/synthetic_outage_h24,native_targets_only,0.6867843106424526,1.237262150462386
hdb/synthetic_outage_h24,natural_lora,0.67845951109553149,1.1807864708258171
hdb/synthetic_outage_h24,proxy_pool_only_mean,0.8829494444817525,1.4739852368600554
hdb/synthetic_outage_h24,proxy_pool_only_median,0.88748514555289781,1.5472209361110596
hdb/synthetic_outage_h24,query_aux_both_gaussian_short,0.93087731488075631,2.1585718159196099
hdb/synthetic_outage_h24,query_aux_both_native_long,0.67085435474353217,1.3002368190977718
hdb/synthetic_outage_h24,query_aux_both_native_short,0.67322543697601611,1.201520610064857
hdb/synthetic_outage_h24,query_aux_group_native_long,0.67709276435048638,1.3244474241903643
hdb/synthetic_outage_h24,query_aux_time_native_long,0.66893976045029035,1.2574882493302546
hdb/synthetic_outage_h24,query_readonly_native_long,0.68862784544808209,1.3844342452465004
hdb/synthetic_outage_h24,raw_plus_duplicate_pool,0.68342883973333768,1.2467462728945637
hdb/synthetic_outage_h24,raw_plus_duplicate_single,0.68441696876293923,1.2564448015978207
hdb/synthetic_outage_h24,raw_plus_gaussian,0.67210337183970614,1.2171198115850526
hdb/synthetic_outage_h24,raw_plus_knn,0.66986081612769588,1.2051307429038083
hdb/synthetic_outage_h24,raw_plus_pool,0.70677157896717246,1.3182451742919201
hdb/synthetic_outage_h24,raw_plus_pool_median,0.68182829372443665,1.2611206521265577
hdb/synthetic_outage_h24,raw_plus_pool_proxy_mean,0.88070976001153456,1.4598897238537056
hdb/synthetic_outage_h24,raw_plus_pool_proxy_median,0.88696894256843928,1.5315650777940264
hdb/synthetic_outage_h24,seasonal168_direct,0.90823740210175985,1.8686660622313933
hdb/synthetic_outage_h24,seasonal24_direct,1.0103020313511513,1.9767294198027767
hdb/synthetic_outage_h24,short_repair_ffill_peer,1.0980280360348633,2.2861807958442806
hdb/synthetic_outage_h24,short_repair_gaussian_peer,0.91914327710087329,2.1195673498510441
hdb/synthetic_outage_h24,short_repair_knn_peer,0.84772011594225261,1.7935126984103522
hdb/synthetic_outage_h24,short_repair_linear_peer,1.1019886978401841,2.3007963744910147
hdb/synthetic_outage_h24,short_repair_median_peer,1.2091529257949665,2.3639512119151931
hdb/synthetic_outage_h24,short_repair_seasonal24_peer,0.83892015740699322,1.5772816210136169
hdb/synthetic_outage_h24,target_anchor_pool,0.69733812406225781,1.2583209621659992
hdb/synthetic_outage_h24,target_anchor_proxy_mean,0.88161110313990454,1.4719095217020746
hdb/synthetic_outage_h24,target_anchor_proxy_median,0.88494524599074098,1.5415340744511172
hdb/synthetic_outage_h24,target_gaussian,0.91914327710087329,2.1195673498510441
hdb/synthetic_outage_h24,target_knn,0.84772011594225261,1.7935126984103522
